epi_week ,date       ,country ,state ,city             ,ibgeID  ,newDeaths ,deaths ,newCases ,totalCases ,deaths_per_100k_inhabitants ,totalCases_per_100k_inhabitants ,deaths_by_totalCases ,_source ,last_info_date
15       ,2020-04-09 ,Brazil  ,SP    ,Guaratinguetá/SP ,3518404 ,0         ,0      ,1        ,1          ,0.00000                     ,0.81629                         ,0.00000              ,SES     ,2021-04-12
18       ,2020-04-29 ,Brazil  ,SP    ,Guaratinguetá/SP ,3518404 ,0         ,0      ,2        ,3          ,0.00000                     ,2.44888                         ,0.00000              ,SES     ,2021-04-12
19       ,2020-05-03 ,Brazil  ,SP    ,Guaratinguetá/SP ,3518404 ,0         ,0      ,1        ,4          ,0.00000                     ,3.26517                         ,0.00000              ,SES     ,2021-04-12
19       ,2020-05-06 ,Brazil  ,SP    ,Guaratinguetá/SP ,3518404 ,0         ,0      ,1        ,5          ,0.00000                     ,4.08147                         ,0.00000              ,SES     ,2021-04-12
19       ,2020-05-07 ,Brazil  ,SP    ,Guaratinguetá/SP ,3518404 ,0         ,0      ,-1       ,4          ,0.00000                     ,3.26517                         ,0.00000              ,SES     ,2021-04-12
19       ,2020-05-09 ,Brazil  ,SP    ,Guaratinguetá/SP ,3518404 ,0         ,0      ,1        ,5          ,0.00000                     ,4.08147                         ,0.00000              ,SES     ,2021-04-12
20       ,2020-05-12 ,Brazil  ,SP    ,Guaratinguetá/SP ,3518404 ,0         ,0      ,2        ,7          ,0.00000                     ,5.71405                         ,0.00000              ,SES     ,2021-04-12
20       ,2020-05-13 ,Brazil  ,SP    ,Guaratinguetá/SP ,3518404 ,0         ,0      ,2        ,9          ,0.00000                     ,7.34664                         ,0.00000              ,SES     ,2021-04-12
20       ,2020-05-14 ,Brazil  ,SP    ,Guaratinguetá/SP ,3518404 ,0         ,0      ,1        ,10         ,0.00000                     ,8.16293                         ,0.00000              ,SES     ,2021-04-12
20       ,2020-05-15 ,Brazil  ,SP    ,Guaratinguetá/SP ,3518404 ,1         ,1      ,2        ,12         ,0.81629                     ,9.79552                         ,0.08333              ,SES     ,2021-04-12
20       ,2020-05-16 ,Brazil  ,SP    ,Guaratinguetá/SP ,3518404 ,0         ,1      ,3        ,15         ,0.81629                     ,12.24440                        ,0.06667              ,SES     ,2021-04-12
21       ,2020-05-19 ,Brazil  ,SP    ,Guaratinguetá/SP ,3518404 ,0         ,1      ,4        ,19         ,0.81629                     ,15.50957                        ,0.05263              ,SES     ,2021-04-12
21       ,2020-05-22 ,Brazil  ,SP    ,Guaratinguetá/SP ,3518404 ,0         ,1      ,1        ,20         ,0.81629                     ,16.32586                        ,0.05000              ,SES     ,2021-04-12
21       ,2020-05-23 ,Brazil  ,SP    ,Guaratinguetá/SP ,3518404 ,0         ,1      ,1        ,21         ,0.81629                     ,17.14216                        ,0.04762              ,SES     ,2021-04-12
22       ,2020-05-25 ,Brazil  ,SP    ,Guaratinguetá/SP ,3518404 ,0         ,1      ,1        ,22         ,0.81629                     ,17.95845                        ,0.04545              ,SES     ,2021-04-12
22       ,2020-05-28 ,Brazil  ,SP    ,Guaratinguetá/SP ,3518404 ,0         ,1      ,3        ,25         ,0.81629                     ,20.40733                        ,0.04000              ,SES     ,2021-04-12
22       ,2020-05-29 ,Brazil  ,SP    ,Guaratinguetá/SP ,3518404 ,1         ,2      ,2        ,27         ,1.63259                     ,22.03992                        ,0.07407              ,SES     ,2021-04-12
22       ,2020-05-30 ,Brazil  ,SP    ,Guaratinguetá/SP ,3518404 ,0         ,2      ,1        ,28         ,1.63259                     ,22.85621                        ,0.07143              ,SES     ,2021-04-12
23       ,2020-06-01 ,Brazil  ,SP    ,Guaratinguetá/SP ,3518404 ,0         ,2      ,1        ,29         ,1.63259                     ,23.67250                        ,0.06897              ,SES     ,2021-04-12
23       ,2020-06-02 ,Brazil  ,SP    ,Guaratinguetá/SP ,3518404 ,0         ,2      ,2        ,31         ,1.63259                     ,25.30509                        ,0.06452              ,SES     ,2021-04-12
23       ,2020-06-03 ,Brazil  ,SP    ,Guaratinguetá/SP ,3518404 ,0         ,2      ,1        ,32         ,1.63259                     ,26.12138                        ,0.06250              ,SES     ,2021-04-12
23       ,2020-06-05 ,Brazil  ,SP    ,Guaratinguetá/SP ,3518404 ,0         ,2      ,2        ,34         ,1.63259                     ,27.75397                        ,0.05882              ,SES     ,2021-04-12
24       ,2020-06-07 ,Brazil  ,SP    ,Guaratinguetá/SP ,3518404 ,0         ,2      ,1        ,35         ,1.63259                     ,28.57026                        ,0.05714              ,SES     ,2021-04-12
24       ,2020-06-09 ,Brazil  ,SP    ,Guaratinguetá/SP ,3518404 ,0         ,2      ,3        ,38         ,1.63259                     ,31.01914                        ,0.05263              ,SES     ,2021-04-12
24       ,2020-06-11 ,Brazil  ,SP    ,Guaratinguetá/SP ,3518404 ,1         ,3      ,7        ,45         ,2.44888                     ,36.73319                        ,0.06667              ,SES     ,2021-04-12
24       ,2020-06-12 ,Brazil  ,SP    ,Guaratinguetá/SP ,3518404 ,0         ,3      ,2        ,47         ,2.44888                     ,38.36578                        ,0.06383              ,SES     ,2021-04-12
24       ,2020-06-13 ,Brazil  ,SP    ,Guaratinguetá/SP ,3518404 ,0         ,3      ,1        ,48         ,2.44888                     ,39.18207                        ,0.06250              ,SES     ,2021-04-12
25       ,2020-06-15 ,Brazil  ,SP    ,Guaratinguetá/SP ,3518404 ,0         ,3      ,1        ,49         ,2.44888                     ,39.99837                        ,0.06122              ,SES     ,2021-04-12
25       ,2020-06-16 ,Brazil  ,SP    ,Guaratinguetá/SP ,3518404 ,0         ,3      ,2        ,51         ,2.44888                     ,41.63095                        ,0.05882              ,SES     ,2021-04-12
25       ,2020-06-17 ,Brazil  ,SP    ,Guaratinguetá/SP ,3518404 ,0         ,3      ,2        ,53         ,2.44888                     ,43.26354                        ,0.05660              ,SES     ,2021-04-12
25       ,2020-06-19 ,Brazil  ,SP    ,Guaratinguetá/SP ,3518404 ,0         ,3      ,11       ,64         ,2.44888                     ,52.24277                        ,0.04688              ,SES     ,2021-04-12
26       ,2020-06-21 ,Brazil  ,SP    ,Guaratinguetá/SP ,3518404 ,0         ,3      ,1        ,65         ,2.44888                     ,53.05906                        ,0.04615              ,SES     ,2021-04-12
26       ,2020-06-22 ,Brazil  ,SP    ,Guaratinguetá/SP ,3518404 ,0         ,3      ,1        ,66         ,2.44888                     ,53.87535                        ,0.04545              ,SES     ,2021-04-12
26       ,2020-06-23 ,Brazil  ,SP    ,Guaratinguetá/SP ,3518404 ,0         ,3      ,15       ,81         ,2.44888                     ,66.11975                        ,0.03704              ,SES     ,2021-04-12
26       ,2020-06-24 ,Brazil  ,SP    ,Guaratinguetá/SP ,3518404 ,0         ,3      ,2        ,83         ,2.44888                     ,67.75234                        ,0.03614              ,SES     ,2021-04-12
26       ,2020-06-25 ,Brazil  ,SP    ,Guaratinguetá/SP ,3518404 ,0         ,3      ,7        ,90         ,2.44888                     ,73.46639                        ,0.03333              ,SES     ,2021-04-12
26       ,2020-06-26 ,Brazil  ,SP    ,Guaratinguetá/SP ,3518404 ,0         ,3      ,5        ,95         ,2.44888                     ,77.54786                        ,0.03158              ,SES     ,2021-04-12
26       ,2020-06-27 ,Brazil  ,SP    ,Guaratinguetá/SP ,3518404 ,0         ,3      ,3        ,98         ,2.44888                     ,79.99673                        ,0.03061              ,SES     ,2021-04-12
27       ,2020-06-28 ,Brazil  ,SP    ,Guaratinguetá/SP ,3518404 ,0         ,3      ,5        ,103        ,2.44888                     ,84.07820                        ,0.02913              ,SES     ,2021-04-12
27       ,2020-06-29 ,Brazil  ,SP    ,Guaratinguetá/SP ,3518404 ,0         ,3      ,6        ,109        ,2.44888                     ,88.97596                        ,0.02752              ,SES     ,2021-04-12
27       ,2020-06-30 ,Brazil  ,SP    ,Guaratinguetá/SP ,3518404 ,0         ,3      ,3        ,112        ,2.44888                     ,91.42484                        ,0.02679              ,SES     ,2021-04-12
27       ,2020-07-01 ,Brazil  ,SP    ,Guaratinguetá/SP ,3518404 ,0         ,3      ,6        ,118        ,2.44888                     ,96.32260                        ,0.02542              ,SES     ,2021-04-12
27       ,2020-07-02 ,Brazil  ,SP    ,Guaratinguetá/SP ,3518404 ,1         ,4      ,2        ,120        ,3.26517                     ,97.95519                        ,0.03333              ,SES     ,2021-04-12
27       ,2020-07-03 ,Brazil  ,SP    ,Guaratinguetá/SP ,3518404 ,0         ,4      ,3        ,123        ,3.26517                     ,100.40407                       ,0.03252              ,SES     ,2021-04-12
27       ,2020-07-04 ,Brazil  ,SP    ,Guaratinguetá/SP ,3518404 ,1         ,5      ,0        ,123        ,4.08147                     ,100.40407                       ,0.04065              ,SES     ,2021-04-12
28       ,2020-07-05 ,Brazil  ,SP    ,Guaratinguetá/SP ,3518404 ,0         ,5      ,2        ,125        ,4.08147                     ,102.03665                       ,0.04000              ,SES     ,2021-04-12
28       ,2020-07-06 ,Brazil  ,SP    ,Guaratinguetá/SP ,3518404 ,0         ,5      ,1        ,126        ,4.08147                     ,102.85294                       ,0.03968              ,SES     ,2021-04-12
28       ,2020-07-07 ,Brazil  ,SP    ,Guaratinguetá/SP ,3518404 ,2         ,7      ,4        ,130        ,5.71405                     ,106.11812                       ,0.05385              ,SES     ,2021-04-12
28       ,2020-07-09 ,Brazil  ,SP    ,Guaratinguetá/SP ,3518404 ,0         ,7      ,5        ,135        ,5.71405                     ,110.19958                       ,0.05185              ,SES     ,2021-04-12
28       ,2020-07-10 ,Brazil  ,SP    ,Guaratinguetá/SP ,3518404 ,3         ,10     ,9        ,144        ,8.16293                     ,117.54622                       ,0.06944              ,SES     ,2021-04-12
28       ,2020-07-11 ,Brazil  ,SP    ,Guaratinguetá/SP ,3518404 ,0         ,10     ,4        ,148        ,8.16293                     ,120.81140                       ,0.06757              ,SES     ,2021-04-12
29       ,2020-07-12 ,Brazil  ,SP    ,Guaratinguetá/SP ,3518404 ,0         ,10     ,4        ,152        ,8.16293                     ,124.07657                       ,0.06579              ,SES     ,2021-04-12
29       ,2020-07-14 ,Brazil  ,SP    ,Guaratinguetá/SP ,3518404 ,0         ,10     ,16       ,168        ,8.16293                     ,137.13726                       ,0.05952              ,SES     ,2021-04-12
29       ,2020-07-15 ,Brazil  ,SP    ,Guaratinguetá/SP ,3518404 ,0         ,10     ,10       ,178        ,8.16293                     ,145.30019                       ,0.05618              ,SES     ,2021-04-12
29       ,2020-07-16 ,Brazil  ,SP    ,Guaratinguetá/SP ,3518404 ,1         ,11     ,5        ,183        ,8.97923                     ,149.38166                       ,0.06011              ,SES     ,2021-04-12
29       ,2020-07-17 ,Brazil  ,SP    ,Guaratinguetá/SP ,3518404 ,2         ,13     ,5        ,188        ,10.61181                    ,153.46312                       ,0.06915              ,SES     ,2021-04-12
29       ,2020-07-18 ,Brazil  ,SP    ,Guaratinguetá/SP ,3518404 ,0         ,13     ,3        ,191        ,10.61181                    ,155.91200                       ,0.06806              ,SES     ,2021-04-12
30       ,2020-07-19 ,Brazil  ,SP    ,Guaratinguetá/SP ,3518404 ,0         ,13     ,1        ,192        ,10.61181                    ,156.72830                       ,0.06771              ,SES     ,2021-04-12
30       ,2020-07-20 ,Brazil  ,SP    ,Guaratinguetá/SP ,3518404 ,0         ,13     ,1        ,193        ,10.61181                    ,157.54459                       ,0.06736              ,SES     ,2021-04-12
30       ,2020-07-21 ,Brazil  ,SP    ,Guaratinguetá/SP ,3518404 ,0         ,13     ,5        ,198        ,10.61181                    ,161.62606                       ,0.06566              ,SES     ,2021-04-12
30       ,2020-07-22 ,Brazil  ,SP    ,Guaratinguetá/SP ,3518404 ,3         ,16     ,26       ,224        ,13.06069                    ,182.84968                       ,0.07143              ,SES     ,2021-04-12
30       ,2020-07-23 ,Brazil  ,SP    ,Guaratinguetá/SP ,3518404 ,1         ,17     ,5        ,229        ,13.87698                    ,186.93115                       ,0.07424              ,SES     ,2021-04-12
30       ,2020-07-24 ,Brazil  ,SP    ,Guaratinguetá/SP ,3518404 ,0         ,17     ,7        ,236        ,13.87698                    ,192.64520                       ,0.07203              ,SES     ,2021-04-12
30       ,2020-07-25 ,Brazil  ,SP    ,Guaratinguetá/SP ,3518404 ,0         ,17     ,8        ,244        ,13.87698                    ,199.17554                       ,0.06967              ,SES     ,2021-04-12
31       ,2020-07-26 ,Brazil  ,SP    ,Guaratinguetá/SP ,3518404 ,0         ,17     ,7        ,251        ,13.87698                    ,204.88960                       ,0.06773              ,SES     ,2021-04-12
31       ,2020-07-27 ,Brazil  ,SP    ,Guaratinguetá/SP ,3518404 ,0         ,17     ,3        ,254        ,13.87698                    ,207.33848                       ,0.06693              ,SES     ,2021-04-12
31       ,2020-07-28 ,Brazil  ,SP    ,Guaratinguetá/SP ,3518404 ,0         ,17     ,24       ,278        ,13.87698                    ,226.92951                       ,0.06115              ,SES     ,2021-04-12
31       ,2020-07-29 ,Brazil  ,SP    ,Guaratinguetá/SP ,3518404 ,0         ,17     ,21       ,299        ,13.87698                    ,244.07167                       ,0.05686              ,SES     ,2021-04-12
31       ,2020-07-30 ,Brazil  ,SP    ,Guaratinguetá/SP ,3518404 ,2         ,19     ,35       ,334        ,15.50957                    ,272.64193                       ,0.05689              ,SES     ,2021-04-12
31       ,2020-07-31 ,Brazil  ,SP    ,Guaratinguetá/SP ,3518404 ,0         ,19     ,8        ,342        ,15.50957                    ,279.17228                       ,0.05556              ,SES     ,2021-04-12
31       ,2020-08-01 ,Brazil  ,SP    ,Guaratinguetá/SP ,3518404 ,0         ,19     ,21       ,363        ,15.50957                    ,296.31444                       ,0.05234              ,SES     ,2021-04-12
32       ,2020-08-02 ,Brazil  ,SP    ,Guaratinguetá/SP ,3518404 ,0         ,19     ,4        ,367        ,15.50957                    ,299.57961                       ,0.05177              ,SES     ,2021-04-12
32       ,2020-08-04 ,Brazil  ,SP    ,Guaratinguetá/SP ,3518404 ,3         ,22     ,23       ,390        ,17.95845                    ,318.35435                       ,0.05641              ,SES     ,2021-04-12
32       ,2020-08-05 ,Brazil  ,SP    ,Guaratinguetá/SP ,3518404 ,0         ,22     ,17       ,407        ,17.95845                    ,332.23134                       ,0.05405              ,SES     ,2021-04-12
32       ,2020-08-06 ,Brazil  ,SP    ,Guaratinguetá/SP ,3518404 ,1         ,23     ,19       ,426        ,18.77474                    ,347.74091                       ,0.05399              ,SES     ,2021-04-12
32       ,2020-08-07 ,Brazil  ,SP    ,Guaratinguetá/SP ,3518404 ,2         ,25     ,12       ,438        ,20.40733                    ,357.53643                       ,0.05708              ,SES     ,2021-04-12
32       ,2020-08-08 ,Brazil  ,SP    ,Guaratinguetá/SP ,3518404 ,1         ,26     ,35       ,473        ,21.22362                    ,386.10669                       ,0.05497              ,SES     ,2021-04-12
33       ,2020-08-09 ,Brazil  ,SP    ,Guaratinguetá/SP ,3518404 ,0         ,26     ,6        ,479        ,21.22362                    ,391.00445                       ,0.05428              ,SES     ,2021-04-12
33       ,2020-08-10 ,Brazil  ,SP    ,Guaratinguetá/SP ,3518404 ,0         ,26     ,2        ,481        ,21.22362                    ,392.63704                       ,0.05405              ,SES     ,2021-04-12
33       ,2020-08-11 ,Brazil  ,SP    ,Guaratinguetá/SP ,3518404 ,0         ,26     ,31       ,512        ,21.22362                    ,417.94212                       ,0.05078              ,SES     ,2021-04-12
33       ,2020-08-12 ,Brazil  ,SP    ,Guaratinguetá/SP ,3518404 ,1         ,27     ,33       ,545        ,22.03992                    ,444.87980                       ,0.04954              ,SES     ,2021-04-12
33       ,2020-08-13 ,Brazil  ,SP    ,Guaratinguetá/SP ,3518404 ,0         ,27     ,25       ,570        ,22.03992                    ,465.28713                       ,0.04737              ,SES     ,2021-04-12
33       ,2020-08-14 ,Brazil  ,SP    ,Guaratinguetá/SP ,3518404 ,0         ,27     ,13       ,583        ,22.03992                    ,475.89894                       ,0.04631              ,SES     ,2021-04-12
33       ,2020-08-15 ,Brazil  ,SP    ,Guaratinguetá/SP ,3518404 ,1         ,28     ,27       ,610        ,22.85621                    ,497.93886                       ,0.04590              ,SES     ,2021-04-12
34       ,2020-08-16 ,Brazil  ,SP    ,Guaratinguetá/SP ,3518404 ,0         ,28     ,18       ,628        ,22.85621                    ,512.63214                       ,0.04459              ,SES     ,2021-04-12
34       ,2020-08-17 ,Brazil  ,SP    ,Guaratinguetá/SP ,3518404 ,0         ,28     ,10       ,638        ,22.85621                    ,520.79507                       ,0.04389              ,SES     ,2021-04-12
34       ,2020-08-18 ,Brazil  ,SP    ,Guaratinguetá/SP ,3518404 ,2         ,30     ,15       ,653        ,24.48880                    ,533.03947                       ,0.04594              ,SES     ,2021-04-12
34       ,2020-08-19 ,Brazil  ,SP    ,Guaratinguetá/SP ,3518404 ,3         ,33     ,20       ,673        ,26.93768                    ,549.36533                       ,0.04903              ,SES     ,2021-04-12
34       ,2020-08-20 ,Brazil  ,SP    ,Guaratinguetá/SP ,3518404 ,3         ,36     ,30       ,703        ,29.38656                    ,573.85413                       ,0.05121              ,SES     ,2021-04-12
34       ,2020-08-21 ,Brazil  ,SP    ,Guaratinguetá/SP ,3518404 ,1         ,37     ,24       ,727        ,30.20285                    ,593.44517                       ,0.05089              ,SES     ,2021-04-12
34       ,2020-08-22 ,Brazil  ,SP    ,Guaratinguetá/SP ,3518404 ,1         ,38     ,49       ,776        ,31.01914                    ,633.44353                       ,0.04897              ,SES     ,2021-04-12
35       ,2020-08-23 ,Brazil  ,SP    ,Guaratinguetá/SP ,3518404 ,0         ,38     ,2        ,778        ,31.01914                    ,635.07612                       ,0.04884              ,SES     ,2021-04-12
35       ,2020-08-24 ,Brazil  ,SP    ,Guaratinguetá/SP ,3518404 ,0         ,38     ,25       ,803        ,31.01914                    ,655.48345                       ,0.04732              ,SES     ,2021-04-12
35       ,2020-08-25 ,Brazil  ,SP    ,Guaratinguetá/SP ,3518404 ,3         ,41     ,45       ,848        ,33.46802                    ,692.21664                       ,0.04835              ,SES     ,2021-04-12
35       ,2020-08-26 ,Brazil  ,SP    ,Guaratinguetá/SP ,3518404 ,0         ,41     ,43       ,891        ,33.46802                    ,727.31725                       ,0.04602              ,SES     ,2021-04-12
35       ,2020-08-27 ,Brazil  ,SP    ,Guaratinguetá/SP ,3518404 ,1         ,42     ,14       ,905        ,34.28431                    ,738.74536                       ,0.04641              ,SES     ,2021-04-12
35       ,2020-08-28 ,Brazil  ,SP    ,Guaratinguetá/SP ,3518404 ,0         ,42     ,44       ,949        ,34.28431                    ,774.66226                       ,0.04426              ,SES     ,2021-04-12
36       ,2020-08-30 ,Brazil  ,SP    ,Guaratinguetá/SP ,3518404 ,0         ,42     ,26       ,975        ,34.28431                    ,795.88588                       ,0.04308              ,SES     ,2021-04-12
36       ,2020-08-31 ,Brazil  ,SP    ,Guaratinguetá/SP ,3518404 ,0         ,42     ,3        ,978        ,34.28431                    ,798.33476                       ,0.04294              ,SES     ,2021-04-12
36       ,2020-09-01 ,Brazil  ,SP    ,Guaratinguetá/SP ,3518404 ,2         ,44     ,37       ,1015       ,35.91690                    ,828.53761                       ,0.04335              ,SES     ,2021-04-12
36       ,2020-09-02 ,Brazil  ,SP    ,Guaratinguetá/SP ,3518404 ,1         ,45     ,36       ,1051       ,36.73319                    ,857.92417                       ,0.04282              ,SES     ,2021-04-12
36       ,2020-09-03 ,Brazil  ,SP    ,Guaratinguetá/SP ,3518404 ,0         ,45     ,51       ,1102       ,36.73319                    ,899.55512                       ,0.04083              ,SES     ,2021-04-12
36       ,2020-09-04 ,Brazil  ,SP    ,Guaratinguetá/SP ,3518404 ,0         ,45     ,19       ,1121       ,36.73319                    ,915.06469                       ,0.04014              ,SES     ,2021-04-12
36       ,2020-09-05 ,Brazil  ,SP    ,Guaratinguetá/SP ,3518404 ,0         ,45     ,27       ,1148       ,36.73319                    ,937.10461                       ,0.03920              ,SES     ,2021-04-12
37       ,2020-09-06 ,Brazil  ,SP    ,Guaratinguetá/SP ,3518404 ,0         ,45     ,14       ,1162       ,36.73319                    ,948.53271                       ,0.03873              ,SES     ,2021-04-12
37       ,2020-09-08 ,Brazil  ,SP    ,Guaratinguetá/SP ,3518404 ,0         ,45     ,4        ,1166       ,36.73319                    ,951.79789                       ,0.03859              ,SES     ,2021-04-12
37       ,2020-09-09 ,Brazil  ,SP    ,Guaratinguetá/SP ,3518404 ,2         ,47     ,33       ,1199       ,38.36578                    ,978.73556                       ,0.03920              ,SES     ,2021-04-12
37       ,2020-09-10 ,Brazil  ,SP    ,Guaratinguetá/SP ,3518404 ,0         ,47     ,26       ,1225       ,38.36578                    ,999.95919                       ,0.03837              ,SES     ,2021-04-12
37       ,2020-09-11 ,Brazil  ,SP    ,Guaratinguetá/SP ,3518404 ,0         ,47     ,26       ,1251       ,38.36578                    ,1021.18281                      ,0.03757              ,SES     ,2021-04-12
37       ,2020-09-12 ,Brazil  ,SP    ,Guaratinguetá/SP ,3518404 ,0         ,47     ,17       ,1268       ,38.36578                    ,1035.05979                      ,0.03707              ,SES     ,2021-04-12
38       ,2020-09-13 ,Brazil  ,SP    ,Guaratinguetá/SP ,3518404 ,0         ,47     ,5        ,1273       ,38.36578                    ,1039.14126                      ,0.03692              ,SES     ,2021-04-12
38       ,2020-09-14 ,Brazil  ,SP    ,Guaratinguetá/SP ,3518404 ,0         ,47     ,1        ,1274       ,38.36578                    ,1039.95755                      ,0.03689              ,SES     ,2021-04-12
38       ,2020-09-15 ,Brazil  ,SP    ,Guaratinguetá/SP ,3518404 ,0         ,47     ,8        ,1282       ,38.36578                    ,1046.48790                      ,0.03666              ,SES     ,2021-04-12
38       ,2020-09-16 ,Brazil  ,SP    ,Guaratinguetá/SP ,3518404 ,1         ,48     ,19       ,1301       ,39.18207                    ,1061.99747                      ,0.03689              ,SES     ,2021-04-12
38       ,2020-09-17 ,Brazil  ,SP    ,Guaratinguetá/SP ,3518404 ,0         ,48     ,9        ,1310       ,39.18207                    ,1069.34411                      ,0.03664              ,SES     ,2021-04-12
38       ,2020-09-18 ,Brazil  ,SP    ,Guaratinguetá/SP ,3518404 ,0         ,48     ,3        ,1313       ,39.18207                    ,1071.79299                      ,0.03656              ,SES     ,2021-04-12
38       ,2020-09-19 ,Brazil  ,SP    ,Guaratinguetá/SP ,3518404 ,0         ,48     ,15       ,1328       ,39.18207                    ,1084.03739                      ,0.03614              ,SES     ,2021-04-12
39       ,2020-09-20 ,Brazil  ,SP    ,Guaratinguetá/SP ,3518404 ,0         ,48     ,7        ,1335       ,39.18207                    ,1089.75144                      ,0.03596              ,SES     ,2021-04-12
39       ,2020-09-22 ,Brazil  ,SP    ,Guaratinguetá/SP ,3518404 ,0         ,48     ,7        ,1342       ,39.18207                    ,1095.46549                      ,0.03577              ,SES     ,2021-04-12
39       ,2020-09-23 ,Brazil  ,SP    ,Guaratinguetá/SP ,3518404 ,0         ,48     ,8        ,1350       ,39.18207                    ,1101.99584                      ,0.03556              ,SES     ,2021-04-12
39       ,2020-09-24 ,Brazil  ,SP    ,Guaratinguetá/SP ,3518404 ,1         ,49     ,9        ,1359       ,39.99837                    ,1109.34248                      ,0.03606              ,SES     ,2021-04-12
39       ,2020-09-25 ,Brazil  ,SP    ,Guaratinguetá/SP ,3518404 ,0         ,49     ,11       ,1370       ,39.99837                    ,1118.32170                      ,0.03577              ,SES     ,2021-04-12
39       ,2020-09-26 ,Brazil  ,SP    ,Guaratinguetá/SP ,3518404 ,1         ,50     ,9        ,1379       ,40.81466                    ,1125.66834                      ,0.03626              ,SES     ,2021-04-12
40       ,2020-09-27 ,Brazil  ,SP    ,Guaratinguetá/SP ,3518404 ,0         ,50     ,1        ,1380       ,40.81466                    ,1126.48463                      ,0.03623              ,SES     ,2021-04-12
40       ,2020-09-28 ,Brazil  ,SP    ,Guaratinguetá/SP ,3518404 ,0         ,50     ,1        ,1381       ,40.81466                    ,1127.30093                      ,0.03621              ,SES     ,2021-04-12
40       ,2020-09-29 ,Brazil  ,SP    ,Guaratinguetá/SP ,3518404 ,0         ,50     ,19       ,1400       ,40.81466                    ,1142.81050                      ,0.03571              ,SES     ,2021-04-12
40       ,2020-09-30 ,Brazil  ,SP    ,Guaratinguetá/SP ,3518404 ,0         ,50     ,20       ,1420       ,40.81466                    ,1159.13636                      ,0.03521              ,SES     ,2021-04-12
40       ,2020-10-01 ,Brazil  ,SP    ,Guaratinguetá/SP ,3518404 ,0         ,50     ,6        ,1426       ,40.81466                    ,1164.03412                      ,0.03506              ,SES     ,2021-04-12
40       ,2020-10-02 ,Brazil  ,SP    ,Guaratinguetá/SP ,3518404 ,0         ,50     ,16       ,1442       ,40.81466                    ,1177.09481                      ,0.03467              ,SES     ,2021-04-12
40       ,2020-10-03 ,Brazil  ,SP    ,Guaratinguetá/SP ,3518404 ,1         ,51     ,24       ,1466       ,41.63095                    ,1196.68585                      ,0.03479              ,SES     ,2021-04-12
41       ,2020-10-06 ,Brazil  ,SP    ,Guaratinguetá/SP ,3518404 ,0         ,51     ,15       ,1481       ,41.63095                    ,1208.93025                      ,0.03444              ,SES     ,2021-04-12
41       ,2020-10-08 ,Brazil  ,SP    ,Guaratinguetá/SP ,3518404 ,1         ,52     ,29       ,1510       ,42.44725                    ,1232.60275                      ,0.03444              ,SES     ,2021-04-12
41       ,2020-10-09 ,Brazil  ,SP    ,Guaratinguetá/SP ,3518404 ,0         ,52     ,22       ,1532       ,42.44725                    ,1250.56120                      ,0.03394              ,SES     ,2021-04-12
41       ,2020-10-10 ,Brazil  ,SP    ,Guaratinguetá/SP ,3518404 ,0         ,52     ,35       ,1567       ,42.44725                    ,1279.13146                      ,0.03318              ,SES     ,2021-04-12
42       ,2020-10-11 ,Brazil  ,SP    ,Guaratinguetá/SP ,3518404 ,0         ,52     ,10       ,1577       ,42.44725                    ,1287.29440                      ,0.03297              ,SES     ,2021-04-12
42       ,2020-10-12 ,Brazil  ,SP    ,Guaratinguetá/SP ,3518404 ,0         ,52     ,3        ,1580       ,42.44725                    ,1289.74328                      ,0.03291              ,SES     ,2021-04-12
42       ,2020-10-13 ,Brazil  ,SP    ,Guaratinguetá/SP ,3518404 ,0         ,52     ,1        ,1581       ,42.44725                    ,1290.55957                      ,0.03289              ,SES     ,2021-04-12
42       ,2020-10-14 ,Brazil  ,SP    ,Guaratinguetá/SP ,3518404 ,1         ,53     ,8        ,1589       ,43.26354                    ,1297.08991                      ,0.03335              ,SES     ,2021-04-12
42       ,2020-10-15 ,Brazil  ,SP    ,Guaratinguetá/SP ,3518404 ,0         ,53     ,10       ,1599       ,43.26354                    ,1305.25285                      ,0.03315              ,SES     ,2021-04-12
42       ,2020-10-17 ,Brazil  ,SP    ,Guaratinguetá/SP ,3518404 ,0         ,53     ,22       ,1621       ,43.26354                    ,1323.21130                      ,0.03270              ,SES     ,2021-04-12
43       ,2020-10-18 ,Brazil  ,SP    ,Guaratinguetá/SP ,3518404 ,0         ,53     ,2        ,1623       ,43.26354                    ,1324.84388                      ,0.03266              ,SES     ,2021-04-12
43       ,2020-10-20 ,Brazil  ,SP    ,Guaratinguetá/SP ,3518404 ,0         ,53     ,2        ,1625       ,43.26354                    ,1326.47647                      ,0.03262              ,SES     ,2021-04-12
43       ,2020-10-21 ,Brazil  ,SP    ,Guaratinguetá/SP ,3518404 ,0         ,53     ,12       ,1637       ,43.26354                    ,1336.27199                      ,0.03238              ,SES     ,2021-04-12
43       ,2020-10-22 ,Brazil  ,SP    ,Guaratinguetá/SP ,3518404 ,0         ,53     ,3        ,1640       ,43.26354                    ,1338.72087                      ,0.03232              ,SES     ,2021-04-12
43       ,2020-10-23 ,Brazil  ,SP    ,Guaratinguetá/SP ,3518404 ,0         ,53     ,9        ,1649       ,43.26354                    ,1346.06751                      ,0.03214              ,SES     ,2021-04-12
43       ,2020-10-24 ,Brazil  ,SP    ,Guaratinguetá/SP ,3518404 ,0         ,53     ,23       ,1672       ,43.26354                    ,1364.84225                      ,0.03170              ,SES     ,2021-04-12
44       ,2020-10-25 ,Brazil  ,SP    ,Guaratinguetá/SP ,3518404 ,0         ,53     ,10       ,1682       ,43.26354                    ,1373.00518                      ,0.03151              ,SES     ,2021-04-12
44       ,2020-10-26 ,Brazil  ,SP    ,Guaratinguetá/SP ,3518404 ,0         ,53     ,1        ,1683       ,43.26354                    ,1373.82148                      ,0.03149              ,SES     ,2021-04-12
44       ,2020-10-27 ,Brazil  ,SP    ,Guaratinguetá/SP ,3518404 ,0         ,53     ,1        ,1684       ,43.26354                    ,1374.63777                      ,0.03147              ,SES     ,2021-04-12
44       ,2020-10-29 ,Brazil  ,SP    ,Guaratinguetá/SP ,3518404 ,0         ,53     ,4        ,1688       ,43.26354                    ,1377.90294                      ,0.03140              ,SES     ,2021-04-12
44       ,2020-10-30 ,Brazil  ,SP    ,Guaratinguetá/SP ,3518404 ,0         ,53     ,7        ,1695       ,43.26354                    ,1383.61700                      ,0.03127              ,SES     ,2021-04-12
44       ,2020-10-31 ,Brazil  ,SP    ,Guaratinguetá/SP ,3518404 ,0         ,53     ,3        ,1698       ,43.26354                    ,1386.06587                      ,0.03121              ,SES     ,2021-04-12
45       ,2020-11-02 ,Brazil  ,SP    ,Guaratinguetá/SP ,3518404 ,0         ,53     ,2        ,1700       ,43.26354                    ,1387.69846                      ,0.03118              ,SES     ,2021-04-12
45       ,2020-11-03 ,Brazil  ,SP    ,Guaratinguetá/SP ,3518404 ,0         ,53     ,1        ,1701       ,43.26354                    ,1388.51475                      ,0.03116              ,SES     ,2021-04-12
45       ,2020-11-04 ,Brazil  ,SP    ,Guaratinguetá/SP ,3518404 ,0         ,53     ,3        ,1704       ,43.26354                    ,1390.96363                      ,0.03110              ,SES     ,2021-04-12
45       ,2020-11-05 ,Brazil  ,SP    ,Guaratinguetá/SP ,3518404 ,0         ,53     ,2        ,1706       ,43.26354                    ,1392.59622                      ,0.03107              ,SES     ,2021-04-12
46       ,2020-11-10 ,Brazil  ,SP    ,Guaratinguetá/SP ,3518404 ,0         ,53     ,50       ,1756       ,43.26354                    ,1433.41088                      ,0.03018              ,SES     ,2021-04-12
46       ,2020-11-11 ,Brazil  ,SP    ,Guaratinguetá/SP ,3518404 ,0         ,53     ,11       ,1767       ,43.26354                    ,1442.39011                      ,0.02999              ,SES     ,2021-04-12
46       ,2020-11-12 ,Brazil  ,SP    ,Guaratinguetá/SP ,3518404 ,0         ,53     ,5        ,1772       ,43.26354                    ,1446.47157                      ,0.02991              ,SES     ,2021-04-12
46       ,2020-11-13 ,Brazil  ,SP    ,Guaratinguetá/SP ,3518404 ,0         ,53     ,6        ,1778       ,43.26354                    ,1451.36933                      ,0.02981              ,SES     ,2021-04-12
46       ,2020-11-14 ,Brazil  ,SP    ,Guaratinguetá/SP ,3518404 ,0         ,53     ,6        ,1784       ,43.26354                    ,1456.26709                      ,0.02971              ,SES     ,2021-04-12
47       ,2020-11-16 ,Brazil  ,SP    ,Guaratinguetá/SP ,3518404 ,0         ,53     ,6        ,1790       ,43.26354                    ,1461.16485                      ,0.02961              ,SES     ,2021-04-12
47       ,2020-11-17 ,Brazil  ,SP    ,Guaratinguetá/SP ,3518404 ,0         ,53     ,20       ,1810       ,43.26354                    ,1477.49071                      ,0.02928              ,SES     ,2021-04-12
47       ,2020-11-18 ,Brazil  ,SP    ,Guaratinguetá/SP ,3518404 ,0         ,53     ,7        ,1817       ,43.26354                    ,1483.20477                      ,0.02917              ,SES     ,2021-04-12
47       ,2020-11-19 ,Brazil  ,SP    ,Guaratinguetá/SP ,3518404 ,0         ,53     ,7        ,1824       ,43.26354                    ,1488.91882                      ,0.02906              ,SES     ,2021-04-12
47       ,2020-11-21 ,Brazil  ,SP    ,Guaratinguetá/SP ,3518404 ,0         ,53     ,11       ,1835       ,43.26354                    ,1497.89804                      ,0.02888              ,SES     ,2021-04-12
48       ,2020-11-22 ,Brazil  ,SP    ,Guaratinguetá/SP ,3518404 ,0         ,53     ,9        ,1844       ,43.26354                    ,1505.24468                      ,0.02874              ,SES     ,2021-04-12
48       ,2020-11-23 ,Brazil  ,SP    ,Guaratinguetá/SP ,3518404 ,0         ,53     ,5        ,1849       ,43.26354                    ,1509.32615                      ,0.02866              ,SES     ,2021-04-12
48       ,2020-11-24 ,Brazil  ,SP    ,Guaratinguetá/SP ,3518404 ,0         ,53     ,5        ,1854       ,43.26354                    ,1513.40762                      ,0.02859              ,SES     ,2021-04-12
48       ,2020-11-25 ,Brazil  ,SP    ,Guaratinguetá/SP ,3518404 ,0         ,53     ,14       ,1868       ,43.26354                    ,1524.83572                      ,0.02837              ,SES     ,2021-04-12
48       ,2020-11-27 ,Brazil  ,SP    ,Guaratinguetá/SP ,3518404 ,0         ,53     ,9        ,1877       ,43.26354                    ,1532.18236                      ,0.02824              ,SES     ,2021-04-12
48       ,2020-11-28 ,Brazil  ,SP    ,Guaratinguetá/SP ,3518404 ,0         ,53     ,12       ,1889       ,43.26354                    ,1541.97788                      ,0.02806              ,SES     ,2021-04-12
49       ,2020-11-29 ,Brazil  ,SP    ,Guaratinguetá/SP ,3518404 ,0         ,53     ,2        ,1891       ,43.26354                    ,1543.61046                      ,0.02803              ,SES     ,2021-04-12
49       ,2020-11-30 ,Brazil  ,SP    ,Guaratinguetá/SP ,3518404 ,0         ,53     ,6        ,1897       ,43.26354                    ,1548.50822                      ,0.02794              ,SES     ,2021-04-12
49       ,2020-12-01 ,Brazil  ,SP    ,Guaratinguetá/SP ,3518404 ,0         ,53     ,23       ,1920       ,43.26354                    ,1567.28297                      ,0.02760              ,SES     ,2021-04-12
49       ,2020-12-02 ,Brazil  ,SP    ,Guaratinguetá/SP ,3518404 ,2         ,55     ,5        ,1925       ,44.89613                    ,1571.36443                      ,0.02857              ,SES     ,2021-04-12
49       ,2020-12-03 ,Brazil  ,SP    ,Guaratinguetá/SP ,3518404 ,0         ,55     ,22       ,1947       ,44.89613                    ,1589.32288                      ,0.02825              ,SES     ,2021-04-12
49       ,2020-12-04 ,Brazil  ,SP    ,Guaratinguetá/SP ,3518404 ,0         ,55     ,7        ,1954       ,44.89613                    ,1595.03694                      ,0.02815              ,SES     ,2021-04-12
49       ,2020-12-05 ,Brazil  ,SP    ,Guaratinguetá/SP ,3518404 ,0         ,55     ,3        ,1957       ,44.89613                    ,1597.48582                      ,0.02810              ,SES     ,2021-04-12
50       ,2020-12-07 ,Brazil  ,SP    ,Guaratinguetá/SP ,3518404 ,0         ,55     ,1        ,1958       ,44.89613                    ,1598.30211                      ,0.02809              ,SES     ,2021-04-12
50       ,2020-12-08 ,Brazil  ,SP    ,Guaratinguetá/SP ,3518404 ,0         ,55     ,15       ,1973       ,44.89613                    ,1610.54651                      ,0.02788              ,SES     ,2021-04-12
50       ,2020-12-09 ,Brazil  ,SP    ,Guaratinguetá/SP ,3518404 ,0         ,55     ,53       ,2026       ,44.89613                    ,1653.81005                      ,0.02715              ,SES     ,2021-04-12
50       ,2020-12-10 ,Brazil  ,SP    ,Guaratinguetá/SP ,3518404 ,0         ,55     ,35       ,2061       ,44.89613                    ,1682.38031                      ,0.02669              ,SES     ,2021-04-12
50       ,2020-12-11 ,Brazil  ,SP    ,Guaratinguetá/SP ,3518404 ,0         ,55     ,31       ,2092       ,44.89613                    ,1707.68540                      ,0.02629              ,SES     ,2021-04-12
50       ,2020-12-12 ,Brazil  ,SP    ,Guaratinguetá/SP ,3518404 ,0         ,55     ,10       ,2102       ,44.89613                    ,1715.84833                      ,0.02617              ,SES     ,2021-04-12
51       ,2020-12-13 ,Brazil  ,SP    ,Guaratinguetá/SP ,3518404 ,0         ,55     ,1        ,2103       ,44.89613                    ,1716.66463                      ,0.02615              ,SES     ,2021-04-12
51       ,2020-12-14 ,Brazil  ,SP    ,Guaratinguetá/SP ,3518404 ,0         ,55     ,1        ,2104       ,44.89613                    ,1717.48092                      ,0.02614              ,SES     ,2021-04-12
51       ,2020-12-15 ,Brazil  ,SP    ,Guaratinguetá/SP ,3518404 ,0         ,55     ,1        ,2105       ,44.89613                    ,1718.29721                      ,0.02613              ,SES     ,2021-04-12
51       ,2020-12-17 ,Brazil  ,SP    ,Guaratinguetá/SP ,3518404 ,3         ,58     ,40       ,2145       ,47.34501                    ,1750.94894                      ,0.02704              ,SES     ,2021-04-12
51       ,2020-12-18 ,Brazil  ,SP    ,Guaratinguetá/SP ,3518404 ,1         ,59     ,26       ,2171       ,48.16130                    ,1772.17256                      ,0.02718              ,SES     ,2021-04-12
51       ,2020-12-19 ,Brazil  ,SP    ,Guaratinguetá/SP ,3518404 ,0         ,59     ,53       ,2224       ,48.16130                    ,1815.43610                      ,0.02653              ,SES     ,2021-04-12
52       ,2020-12-21 ,Brazil  ,SP    ,Guaratinguetá/SP ,3518404 ,0         ,59     ,12       ,2236       ,48.16130                    ,1825.23162                      ,0.02639              ,SES     ,2021-04-12
52       ,2020-12-22 ,Brazil  ,SP    ,Guaratinguetá/SP ,3518404 ,1         ,60     ,9        ,2245       ,48.97759                    ,1832.57826                      ,0.02673              ,SES     ,2021-04-12
52       ,2020-12-23 ,Brazil  ,SP    ,Guaratinguetá/SP ,3518404 ,0         ,60     ,28       ,2273       ,48.97759                    ,1855.43447                      ,0.02640              ,SES     ,2021-04-12
52       ,2020-12-24 ,Brazil  ,SP    ,Guaratinguetá/SP ,3518404 ,0         ,60     ,12       ,2285       ,48.97759                    ,1865.22999                      ,0.02626              ,SES     ,2021-04-12
52       ,2020-12-25 ,Brazil  ,SP    ,Guaratinguetá/SP ,3518404 ,0         ,60     ,13       ,2298       ,48.97759                    ,1875.84180                      ,0.02611              ,SES     ,2021-04-12
52       ,2020-12-26 ,Brazil  ,SP    ,Guaratinguetá/SP ,3518404 ,0         ,60     ,3        ,2301       ,48.97759                    ,1878.29068                      ,0.02608              ,SES     ,2021-04-12
53       ,2020-12-27 ,Brazil  ,SP    ,Guaratinguetá/SP ,3518404 ,0         ,60     ,1        ,2302       ,48.97759                    ,1879.10698                      ,0.02606              ,SES     ,2021-04-12
53       ,2020-12-28 ,Brazil  ,SP    ,Guaratinguetá/SP ,3518404 ,0         ,60     ,10       ,2312       ,48.97759                    ,1887.26991                      ,0.02595              ,SES     ,2021-04-12
53       ,2020-12-29 ,Brazil  ,SP    ,Guaratinguetá/SP ,3518404 ,0         ,60     ,28       ,2340       ,48.97759                    ,1910.12612                      ,0.02564              ,SES     ,2021-04-12
53       ,2020-12-31 ,Brazil  ,SP    ,Guaratinguetá/SP ,3518404 ,4         ,64     ,39       ,2379       ,52.24277                    ,1941.96155                      ,0.02690              ,SES     ,2021-04-12
53       ,2021-01-02 ,Brazil  ,SP    ,Guaratinguetá/SP ,3518404 ,0         ,64     ,23       ,2402       ,52.24277                    ,1960.73630                      ,0.02664              ,SES     ,2021-04-12
101      ,2021-01-03 ,Brazil  ,SP    ,Guaratinguetá/SP ,3518404 ,0         ,64     ,17       ,2419       ,52.24277                    ,1974.61328                      ,0.02646              ,SES     ,2021-04-12
101      ,2021-01-04 ,Brazil  ,SP    ,Guaratinguetá/SP ,3518404 ,0         ,64     ,21       ,2440       ,52.24277                    ,1991.75544                      ,0.02623              ,SES     ,2021-04-12
101      ,2021-01-05 ,Brazil  ,SP    ,Guaratinguetá/SP ,3518404 ,0         ,64     ,11       ,2451       ,52.24277                    ,2000.73466                      ,0.02611              ,SES     ,2021-04-12
101      ,2021-01-06 ,Brazil  ,SP    ,Guaratinguetá/SP ,3518404 ,0         ,64     ,29       ,2480       ,52.24277                    ,2024.40717                      ,0.02581              ,SES     ,2021-04-12
101      ,2021-01-07 ,Brazil  ,SP    ,Guaratinguetá/SP ,3518404 ,1         ,65     ,13       ,2493       ,53.05906                    ,2035.01898                      ,0.02607              ,SES     ,2021-04-12
101      ,2021-01-08 ,Brazil  ,SP    ,Guaratinguetá/SP ,3518404 ,1         ,66     ,31       ,2524       ,53.87535                    ,2060.32407                      ,0.02615              ,SES     ,2021-04-12
101      ,2021-01-09 ,Brazil  ,SP    ,Guaratinguetá/SP ,3518404 ,0         ,66     ,10       ,2534       ,53.87535                    ,2068.48700                      ,0.02605              ,SES     ,2021-04-12
102      ,2021-01-10 ,Brazil  ,SP    ,Guaratinguetá/SP ,3518404 ,0         ,66     ,15       ,2549       ,53.87535                    ,2080.73140                      ,0.02589              ,SES     ,2021-04-12
102      ,2021-01-11 ,Brazil  ,SP    ,Guaratinguetá/SP ,3518404 ,0         ,66     ,40       ,2589       ,53.87535                    ,2113.38313                      ,0.02549              ,SES     ,2021-04-12
102      ,2021-01-12 ,Brazil  ,SP    ,Guaratinguetá/SP ,3518404 ,0         ,66     ,28       ,2617       ,53.87535                    ,2136.23934                      ,0.02522              ,SES     ,2021-04-12
102      ,2021-01-13 ,Brazil  ,SP    ,Guaratinguetá/SP ,3518404 ,1         ,67     ,42       ,2659       ,54.69165                    ,2170.52365                      ,0.02520              ,SES     ,2021-04-12
102      ,2021-01-14 ,Brazil  ,SP    ,Guaratinguetá/SP ,3518404 ,2         ,69     ,82       ,2741       ,56.32423                    ,2237.45970                      ,0.02517              ,SES     ,2021-04-12
102      ,2021-01-15 ,Brazil  ,SP    ,Guaratinguetá/SP ,3518404 ,1         ,70     ,21       ,2762       ,57.14052                    ,2254.60185                      ,0.02534              ,SES     ,2021-04-12
102      ,2021-01-16 ,Brazil  ,SP    ,Guaratinguetá/SP ,3518404 ,0         ,70     ,32       ,2794       ,57.14052                    ,2280.72324                      ,0.02505              ,SES     ,2021-04-12
103      ,2021-01-17 ,Brazil  ,SP    ,Guaratinguetá/SP ,3518404 ,0         ,70     ,20       ,2814       ,57.14052                    ,2297.04910                      ,0.02488              ,SES     ,2021-04-12
103      ,2021-01-18 ,Brazil  ,SP    ,Guaratinguetá/SP ,3518404 ,0         ,70     ,8        ,2822       ,57.14052                    ,2303.57945                      ,0.02481              ,SES     ,2021-04-12
103      ,2021-01-19 ,Brazil  ,SP    ,Guaratinguetá/SP ,3518404 ,0         ,70     ,59       ,2881       ,57.14052                    ,2351.74075                      ,0.02430              ,SES     ,2021-04-12
103      ,2021-01-20 ,Brazil  ,SP    ,Guaratinguetá/SP ,3518404 ,0         ,70     ,39       ,2920       ,57.14052                    ,2383.57618                      ,0.02397              ,SES     ,2021-04-12
103      ,2021-01-21 ,Brazil  ,SP    ,Guaratinguetá/SP ,3518404 ,0         ,70     ,39       ,2959       ,57.14052                    ,2415.41162                      ,0.02366              ,SES     ,2021-04-12
103      ,2021-01-22 ,Brazil  ,SP    ,Guaratinguetá/SP ,3518404 ,0         ,70     ,24       ,2983       ,57.14052                    ,2435.00265                      ,0.02347              ,SES     ,2021-04-12
103      ,2021-01-23 ,Brazil  ,SP    ,Guaratinguetá/SP ,3518404 ,0         ,70     ,38       ,3021       ,57.14052                    ,2466.02180                      ,0.02317              ,SES     ,2021-04-12
104      ,2021-01-24 ,Brazil  ,SP    ,Guaratinguetá/SP ,3518404 ,0         ,70     ,9        ,3030       ,57.14052                    ,2473.36843                      ,0.02310              ,SES     ,2021-04-12
104      ,2021-01-25 ,Brazil  ,SP    ,Guaratinguetá/SP ,3518404 ,0         ,70     ,29       ,3059       ,57.14052                    ,2497.04094                      ,0.02288              ,SES     ,2021-04-12
104      ,2021-01-26 ,Brazil  ,SP    ,Guaratinguetá/SP ,3518404 ,0         ,70     ,33       ,3092       ,57.14052                    ,2523.97861                      ,0.02264              ,SES     ,2021-04-12
104      ,2021-01-27 ,Brazil  ,SP    ,Guaratinguetá/SP ,3518404 ,0         ,70     ,36       ,3128       ,57.14052                    ,2553.36517                      ,0.02238              ,SES     ,2021-04-12
104      ,2021-01-28 ,Brazil  ,SP    ,Guaratinguetá/SP ,3518404 ,0         ,70     ,22       ,3150       ,57.14052                    ,2571.32362                      ,0.02222              ,SES     ,2021-04-12
104      ,2021-01-29 ,Brazil  ,SP    ,Guaratinguetá/SP ,3518404 ,0         ,70     ,55       ,3205       ,57.14052                    ,2616.21975                      ,0.02184              ,SES     ,2021-04-12
104      ,2021-01-30 ,Brazil  ,SP    ,Guaratinguetá/SP ,3518404 ,0         ,70     ,21       ,3226       ,57.14052                    ,2633.36190                      ,0.02170              ,SES     ,2021-04-12
105      ,2021-01-31 ,Brazil  ,SP    ,Guaratinguetá/SP ,3518404 ,12        ,82     ,30       ,3256       ,66.93604                    ,2657.85070                      ,0.02518              ,SES     ,2021-04-12
105      ,2021-02-01 ,Brazil  ,SP    ,Guaratinguetá/SP ,3518404 ,0         ,82     ,21       ,3277       ,66.93604                    ,2674.99286                      ,0.02502              ,SES     ,2021-04-12
105      ,2021-02-02 ,Brazil  ,SP    ,Guaratinguetá/SP ,3518404 ,0         ,82     ,33       ,3310       ,66.93604                    ,2701.93053                      ,0.02477              ,SES     ,2021-04-12
105      ,2021-02-03 ,Brazil  ,SP    ,Guaratinguetá/SP ,3518404 ,0         ,82     ,49       ,3359       ,66.93604                    ,2741.92890                      ,0.02441              ,SES     ,2021-04-12
105      ,2021-02-04 ,Brazil  ,SP    ,Guaratinguetá/SP ,3518404 ,2         ,84     ,41       ,3400       ,68.56863                    ,2775.39692                      ,0.02471              ,SES     ,2021-04-12
105      ,2021-02-05 ,Brazil  ,SP    ,Guaratinguetá/SP ,3518404 ,6         ,90     ,32       ,3432       ,73.46639                    ,2801.51831                      ,0.02622              ,SES     ,2021-04-12
105      ,2021-02-06 ,Brazil  ,SP    ,Guaratinguetá/SP ,3518404 ,1         ,91     ,41       ,3473       ,74.28268                    ,2834.98633                      ,0.02620              ,SES     ,2021-04-12
106      ,2021-02-07 ,Brazil  ,SP    ,Guaratinguetá/SP ,3518404 ,0         ,91     ,33       ,3506       ,74.28268                    ,2861.92400                      ,0.02596              ,SES     ,2021-04-12
106      ,2021-02-08 ,Brazil  ,SP    ,Guaratinguetá/SP ,3518404 ,0         ,91     ,28       ,3534       ,74.28268                    ,2884.78021                      ,0.02575              ,SES     ,2021-04-12
106      ,2021-02-09 ,Brazil  ,SP    ,Guaratinguetá/SP ,3518404 ,0         ,91     ,15       ,3549       ,74.28268                    ,2897.02461                      ,0.02564              ,SES     ,2021-04-12
106      ,2021-02-10 ,Brazil  ,SP    ,Guaratinguetá/SP ,3518404 ,5         ,96     ,34       ,3583       ,78.36415                    ,2924.77858                      ,0.02679              ,SES     ,2021-04-12
106      ,2021-02-11 ,Brazil  ,SP    ,Guaratinguetá/SP ,3518404 ,0         ,96     ,29       ,3612       ,78.36415                    ,2948.45108                      ,0.02658              ,SES     ,2021-04-12
106      ,2021-02-12 ,Brazil  ,SP    ,Guaratinguetá/SP ,3518404 ,1         ,97     ,30       ,3642       ,79.18044                    ,2972.93988                      ,0.02663              ,SES     ,2021-04-12
106      ,2021-02-13 ,Brazil  ,SP    ,Guaratinguetá/SP ,3518404 ,2         ,99     ,17       ,3659       ,80.81303                    ,2986.81686                      ,0.02706              ,SES     ,2021-04-12
107      ,2021-02-14 ,Brazil  ,SP    ,Guaratinguetá/SP ,3518404 ,0         ,99     ,10       ,3669       ,80.81303                    ,2994.97980                      ,0.02698              ,SES     ,2021-04-12
107      ,2021-02-15 ,Brazil  ,SP    ,Guaratinguetá/SP ,3518404 ,0         ,99     ,5        ,3674       ,80.81303                    ,2999.06126                      ,0.02695              ,SES     ,2021-04-12
107      ,2021-02-16 ,Brazil  ,SP    ,Guaratinguetá/SP ,3518404 ,2         ,101    ,47       ,3721       ,82.44561                    ,3037.42704                      ,0.02714              ,SES     ,2021-04-12
107      ,2021-02-17 ,Brazil  ,SP    ,Guaratinguetá/SP ,3518404 ,0         ,101    ,13       ,3734       ,82.44561                    ,3048.03886                      ,0.02705              ,SES     ,2021-04-12
107      ,2021-02-18 ,Brazil  ,SP    ,Guaratinguetá/SP ,3518404 ,1         ,102    ,20       ,3754       ,83.26191                    ,3064.36472                      ,0.02717              ,SES     ,2021-04-12
107      ,2021-02-19 ,Brazil  ,SP    ,Guaratinguetá/SP ,3518404 ,0         ,102    ,10       ,3764       ,83.26191                    ,3072.52765                      ,0.02710              ,SES     ,2021-04-12
107      ,2021-02-20 ,Brazil  ,SP    ,Guaratinguetá/SP ,3518404 ,0         ,102    ,22       ,3786       ,83.26191                    ,3090.48610                      ,0.02694              ,SES     ,2021-04-12
108      ,2021-02-21 ,Brazil  ,SP    ,Guaratinguetá/SP ,3518404 ,0         ,102    ,2        ,3788       ,83.26191                    ,3092.11869                      ,0.02693              ,SES     ,2021-04-12
108      ,2021-02-22 ,Brazil  ,SP    ,Guaratinguetá/SP ,3518404 ,0         ,102    ,12       ,3800       ,83.26191                    ,3101.91421                      ,0.02684              ,SES     ,2021-04-12
108      ,2021-02-23 ,Brazil  ,SP    ,Guaratinguetá/SP ,3518404 ,0         ,102    ,11       ,3811       ,83.26191                    ,3110.89343                      ,0.02676              ,SES     ,2021-04-12
108      ,2021-02-24 ,Brazil  ,SP    ,Guaratinguetá/SP ,3518404 ,2         ,104    ,18       ,3829       ,84.89449                    ,3125.58671                      ,0.02716              ,SES     ,2021-04-12
108      ,2021-02-25 ,Brazil  ,SP    ,Guaratinguetá/SP ,3518404 ,0         ,104    ,19       ,3848       ,84.89449                    ,3141.09628                      ,0.02703              ,SES     ,2021-04-12
108      ,2021-02-26 ,Brazil  ,SP    ,Guaratinguetá/SP ,3518404 ,0         ,104    ,37       ,3885       ,84.89449                    ,3171.29913                      ,0.02677              ,SES     ,2021-04-12
108      ,2021-02-27 ,Brazil  ,SP    ,Guaratinguetá/SP ,3518404 ,0         ,104    ,25       ,3910       ,84.89449                    ,3191.70646                      ,0.02660              ,SES     ,2021-04-12
109      ,2021-02-28 ,Brazil  ,SP    ,Guaratinguetá/SP ,3518404 ,0         ,104    ,26       ,3936       ,84.89449                    ,3212.93008                      ,0.02642              ,SES     ,2021-04-12
109      ,2021-03-01 ,Brazil  ,SP    ,Guaratinguetá/SP ,3518404 ,0         ,104    ,9        ,3945       ,84.89449                    ,3220.27672                      ,0.02636              ,SES     ,2021-04-12
109      ,2021-03-02 ,Brazil  ,SP    ,Guaratinguetá/SP ,3518404 ,0         ,104    ,13       ,3958       ,84.89449                    ,3230.88854                      ,0.02628              ,SES     ,2021-04-12
109      ,2021-03-03 ,Brazil  ,SP    ,Guaratinguetá/SP ,3518404 ,0         ,104    ,54       ,4012       ,84.89449                    ,3274.96837                      ,0.02592              ,SES     ,2021-04-12
109      ,2021-03-04 ,Brazil  ,SP    ,Guaratinguetá/SP ,3518404 ,0         ,104    ,21       ,4033       ,84.89449                    ,3292.11053                      ,0.02579              ,SES     ,2021-04-12
109      ,2021-03-05 ,Brazil  ,SP    ,Guaratinguetá/SP ,3518404 ,0         ,104    ,30       ,4063       ,84.89449                    ,3316.59932                      ,0.02560              ,SES     ,2021-04-12
109      ,2021-03-06 ,Brazil  ,SP    ,Guaratinguetá/SP ,3518404 ,1         ,105    ,7        ,4070       ,85.71079                    ,3322.31337                      ,0.02580              ,SES     ,2021-04-12
110      ,2021-03-07 ,Brazil  ,SP    ,Guaratinguetá/SP ,3518404 ,0         ,105    ,11       ,4081       ,85.71079                    ,3331.29260                      ,0.02573              ,SES     ,2021-04-12
110      ,2021-03-08 ,Brazil  ,SP    ,Guaratinguetá/SP ,3518404 ,0         ,105    ,15       ,4096       ,85.71079                    ,3343.53700                      ,0.02563              ,SES     ,2021-04-12
110      ,2021-03-09 ,Brazil  ,SP    ,Guaratinguetá/SP ,3518404 ,0         ,105    ,17       ,4113       ,85.71079                    ,3357.41398                      ,0.02553              ,SES     ,2021-04-12
110      ,2021-03-10 ,Brazil  ,SP    ,Guaratinguetá/SP ,3518404 ,0         ,105    ,36       ,4149       ,85.71079                    ,3386.80054                      ,0.02531              ,SES     ,2021-04-12
110      ,2021-03-11 ,Brazil  ,SP    ,Guaratinguetá/SP ,3518404 ,0         ,105    ,19       ,4168       ,85.71079                    ,3402.31011                      ,0.02519              ,SES     ,2021-04-12
110      ,2021-03-12 ,Brazil  ,SP    ,Guaratinguetá/SP ,3518404 ,1         ,106    ,40       ,4208       ,86.52708                    ,3434.96184                      ,0.02519              ,SES     ,2021-04-12
110      ,2021-03-13 ,Brazil  ,SP    ,Guaratinguetá/SP ,3518404 ,0         ,106    ,54       ,4262       ,86.52708                    ,3479.04167                      ,0.02487              ,SES     ,2021-04-12
111      ,2021-03-14 ,Brazil  ,SP    ,Guaratinguetá/SP ,3518404 ,0         ,106    ,21       ,4283       ,86.52708                    ,3496.18383                      ,0.02475              ,SES     ,2021-04-12
111      ,2021-03-15 ,Brazil  ,SP    ,Guaratinguetá/SP ,3518404 ,0         ,106    ,34       ,4317       ,86.52708                    ,3523.93780                      ,0.02455              ,SES     ,2021-04-12
111      ,2021-03-16 ,Brazil  ,SP    ,Guaratinguetá/SP ,3518404 ,0         ,106    ,34       ,4351       ,86.52708                    ,3551.69177                      ,0.02436              ,SES     ,2021-04-12
111      ,2021-03-17 ,Brazil  ,SP    ,Guaratinguetá/SP ,3518404 ,2         ,108    ,25       ,4376       ,88.15967                    ,3572.09910                      ,0.02468              ,SES     ,2021-04-12
111      ,2021-03-18 ,Brazil  ,SP    ,Guaratinguetá/SP ,3518404 ,1         ,109    ,39       ,4415       ,88.97596                    ,3603.93453                      ,0.02469              ,SES     ,2021-04-12
111      ,2021-03-19 ,Brazil  ,SP    ,Guaratinguetá/SP ,3518404 ,1         ,110    ,23       ,4438       ,89.79225                    ,3622.70928                      ,0.02479              ,SES     ,2021-04-12
111      ,2021-03-20 ,Brazil  ,SP    ,Guaratinguetá/SP ,3518404 ,1         ,111    ,26       ,4464       ,90.60855                    ,3643.93290                      ,0.02487              ,SES     ,2021-04-12
112      ,2021-03-21 ,Brazil  ,SP    ,Guaratinguetá/SP ,3518404 ,0         ,111    ,23       ,4487       ,90.60855                    ,3662.70764                      ,0.02474              ,SES     ,2021-04-12
112      ,2021-03-22 ,Brazil  ,SP    ,Guaratinguetá/SP ,3518404 ,0         ,111    ,50       ,4537       ,90.60855                    ,3703.52231                      ,0.02447              ,SES     ,2021-04-12
112      ,2021-03-23 ,Brazil  ,SP    ,Guaratinguetá/SP ,3518404 ,5         ,116    ,33       ,4570       ,94.69001                    ,3730.45998                      ,0.02538              ,SES     ,2021-04-12
112      ,2021-03-24 ,Brazil  ,SP    ,Guaratinguetá/SP ,3518404 ,0         ,116    ,29       ,4599       ,94.69001                    ,3754.13248                      ,0.02522              ,SES     ,2021-04-12
112      ,2021-03-25 ,Brazil  ,SP    ,Guaratinguetá/SP ,3518404 ,0         ,116    ,43       ,4642       ,94.69001                    ,3789.23309                      ,0.02499              ,SES     ,2021-04-12
112      ,2021-03-26 ,Brazil  ,SP    ,Guaratinguetá/SP ,3518404 ,0         ,116    ,20       ,4662       ,94.69001                    ,3805.55896                      ,0.02488              ,SES     ,2021-04-12
112      ,2021-03-27 ,Brazil  ,SP    ,Guaratinguetá/SP ,3518404 ,2         ,118    ,33       ,4695       ,96.32260                    ,3832.49663                      ,0.02513              ,SES     ,2021-04-12
113      ,2021-03-28 ,Brazil  ,SP    ,Guaratinguetá/SP ,3518404 ,0         ,118    ,34       ,4729       ,96.32260                    ,3860.25060                      ,0.02495              ,SES     ,2021-04-12
113      ,2021-03-29 ,Brazil  ,SP    ,Guaratinguetá/SP ,3518404 ,0         ,118    ,33       ,4762       ,96.32260                    ,3887.18828                      ,0.02478              ,SES     ,2021-04-12
113      ,2021-03-30 ,Brazil  ,SP    ,Guaratinguetá/SP ,3518404 ,0         ,118    ,45       ,4807       ,96.32260                    ,3923.92147                      ,0.02455              ,SES     ,2021-04-12
113      ,2021-03-31 ,Brazil  ,SP    ,Guaratinguetá/SP ,3518404 ,3         ,121    ,12       ,4819       ,98.77148                    ,3933.71699                      ,0.02511              ,SES     ,2021-04-12
113      ,2021-04-01 ,Brazil  ,SP    ,Guaratinguetá/SP ,3518404 ,5         ,126    ,24       ,4843       ,102.85294                   ,3953.30803                      ,0.02602              ,SES     ,2021-04-12
113      ,2021-04-02 ,Brazil  ,SP    ,Guaratinguetá/SP ,3518404 ,0         ,126    ,10       ,4853       ,102.85294                   ,3961.47096                      ,0.02596              ,SES     ,2021-04-12
113      ,2021-04-03 ,Brazil  ,SP    ,Guaratinguetá/SP ,3518404 ,0         ,126    ,15       ,4868       ,102.85294                   ,3973.71536                      ,0.02588              ,SES     ,2021-04-12
114      ,2021-04-04 ,Brazil  ,SP    ,Guaratinguetá/SP ,3518404 ,0         ,126    ,18       ,4886       ,102.85294                   ,3988.40864                      ,0.02579              ,SES     ,2021-04-12
114      ,2021-04-05 ,Brazil  ,SP    ,Guaratinguetá/SP ,3518404 ,0         ,126    ,9        ,4895       ,102.85294                   ,3995.75528                      ,0.02574              ,SES     ,2021-04-12
114      ,2021-04-06 ,Brazil  ,SP    ,Guaratinguetá/SP ,3518404 ,0         ,126    ,11       ,4906       ,102.85294                   ,4004.73450                      ,0.02568              ,SES     ,2021-04-12
114      ,2021-04-07 ,Brazil  ,SP    ,Guaratinguetá/SP ,3518404 ,0         ,126    ,18       ,4924       ,102.85294                   ,4019.42778                      ,0.02559              ,SES     ,2021-04-12
114      ,2021-04-08 ,Brazil  ,SP    ,Guaratinguetá/SP ,3518404 ,1         ,127    ,12       ,4936       ,103.66924                   ,4029.22330                      ,0.02573              ,SES     ,2021-04-12
114      ,2021-04-09 ,Brazil  ,SP    ,Guaratinguetá/SP ,3518404 ,0         ,127    ,25       ,4961       ,103.66924                   ,4049.63063                      ,0.02560              ,SES     ,2021-04-12
114      ,2021-04-10 ,Brazil  ,SP    ,Guaratinguetá/SP ,3518404 ,0         ,127    ,20       ,4981       ,103.66924                   ,4065.95649                      ,0.02550              ,SES     ,2021-04-12
115      ,2021-04-11 ,Brazil  ,SP    ,Guaratinguetá/SP ,3518404 ,0         ,127    ,13       ,4994       ,103.66924                   ,4076.56830                      ,0.02543              ,SES     ,2021-04-12
115      ,2021-04-12 ,Brazil  ,SP    ,Guaratinguetá/SP ,3518404 ,0         ,127    ,20       ,5014       ,103.66924                   ,4092.89417                      ,0.02533              ,SES     ,2021-04-12
115      ,2021-04-13 ,Brazil  ,SP    ,Guaratinguetá/SP ,3518404 ,0         ,127    ,8        ,5022       ,103.66924                   ,4099.42451                      ,0.02529              ,MS      ,2021-04-17
115      ,2021-04-14 ,Brazil  ,SP    ,Guaratinguetá/SP ,3518404 ,0         ,127    ,17       ,5039       ,103.66924                   ,4113.30150                      ,0.02520              ,MS      ,2021-04-17
115      ,2021-04-15 ,Brazil  ,SP    ,Guaratinguetá/SP ,3518404 ,2         ,129    ,31       ,5070       ,105.30182                   ,4138.60659                      ,0.02544              ,MS      ,2021-04-17
115      ,2021-04-16 ,Brazil  ,SP    ,Guaratinguetá/SP ,3518404 ,1         ,130    ,32       ,5102       ,106.11812                   ,4164.72797                      ,0.02548              ,MS      ,2021-04-17
115      ,2021-04-17 ,Brazil  ,SP    ,Guaratinguetá/SP ,3518404 ,0         ,130    ,52       ,5154       ,106.11812                   ,4207.17522                      ,0.02522              ,MS      ,2021-04-17