epi_week ,date       ,country ,state ,city         ,ibgeID  ,newDeaths ,deaths ,newCases ,totalCases ,deaths_per_100k_inhabitants ,totalCases_per_100k_inhabitants ,deaths_by_totalCases ,_source ,last_info_date
16       ,2020-04-18 ,Brazil  ,SP    ,Aparecida/SP ,3502507 ,0         ,0      ,1        ,1          ,0.00000                     ,2.76358                         ,0.00000              ,SES     ,2021-04-12
19       ,2020-05-07 ,Brazil  ,SP    ,Aparecida/SP ,3502507 ,0         ,0      ,1        ,2          ,0.00000                     ,5.52715                         ,0.00000              ,SES     ,2021-04-12
21       ,2020-05-22 ,Brazil  ,SP    ,Aparecida/SP ,3502507 ,0         ,0      ,3        ,5          ,0.00000                     ,13.81788                        ,0.00000              ,SES     ,2021-04-12
23       ,2020-06-02 ,Brazil  ,SP    ,Aparecida/SP ,3502507 ,0         ,0      ,2        ,7          ,0.00000                     ,19.34503                        ,0.00000              ,SES     ,2021-04-12
24       ,2020-06-10 ,Brazil  ,SP    ,Aparecida/SP ,3502507 ,0         ,0      ,1        ,8          ,0.00000                     ,22.10861                        ,0.00000              ,SES     ,2021-04-12
24       ,2020-06-11 ,Brazil  ,SP    ,Aparecida/SP ,3502507 ,0         ,0      ,1        ,9          ,0.00000                     ,24.87218                        ,0.00000              ,SES     ,2021-04-12
25       ,2020-06-16 ,Brazil  ,SP    ,Aparecida/SP ,3502507 ,0         ,0      ,1        ,10         ,0.00000                     ,27.63576                        ,0.00000              ,SES     ,2021-04-12
25       ,2020-06-17 ,Brazil  ,SP    ,Aparecida/SP ,3502507 ,0         ,0      ,1        ,11         ,0.00000                     ,30.39934                        ,0.00000              ,SES     ,2021-04-12
25       ,2020-06-19 ,Brazil  ,SP    ,Aparecida/SP ,3502507 ,0         ,0      ,1        ,12         ,0.00000                     ,33.16291                        ,0.00000              ,SES     ,2021-04-12
25       ,2020-06-20 ,Brazil  ,SP    ,Aparecida/SP ,3502507 ,0         ,0      ,2        ,14         ,0.00000                     ,38.69006                        ,0.00000              ,SES     ,2021-04-12
26       ,2020-06-24 ,Brazil  ,SP    ,Aparecida/SP ,3502507 ,0         ,0      ,1        ,15         ,0.00000                     ,41.45364                        ,0.00000              ,SES     ,2021-04-12
26       ,2020-06-25 ,Brazil  ,SP    ,Aparecida/SP ,3502507 ,0         ,0      ,2        ,17         ,0.00000                     ,46.98079                        ,0.00000              ,SES     ,2021-04-12
27       ,2020-06-29 ,Brazil  ,SP    ,Aparecida/SP ,3502507 ,0         ,0      ,2        ,19         ,0.00000                     ,52.50795                        ,0.00000              ,SES     ,2021-04-12
27       ,2020-07-01 ,Brazil  ,SP    ,Aparecida/SP ,3502507 ,0         ,0      ,6        ,25         ,0.00000                     ,69.08940                        ,0.00000              ,SES     ,2021-04-12
27       ,2020-07-02 ,Brazil  ,SP    ,Aparecida/SP ,3502507 ,0         ,0      ,2        ,27         ,0.00000                     ,74.61655                        ,0.00000              ,SES     ,2021-04-12
27       ,2020-07-03 ,Brazil  ,SP    ,Aparecida/SP ,3502507 ,0         ,0      ,2        ,29         ,0.00000                     ,80.14371                        ,0.00000              ,SES     ,2021-04-12
28       ,2020-07-05 ,Brazil  ,SP    ,Aparecida/SP ,3502507 ,0         ,0      ,3        ,32         ,0.00000                     ,88.43443                        ,0.00000              ,SES     ,2021-04-12
28       ,2020-07-06 ,Brazil  ,SP    ,Aparecida/SP ,3502507 ,0         ,0      ,1        ,33         ,0.00000                     ,91.19801                        ,0.00000              ,SES     ,2021-04-12
28       ,2020-07-07 ,Brazil  ,SP    ,Aparecida/SP ,3502507 ,0         ,0      ,2        ,35         ,0.00000                     ,96.72516                        ,0.00000              ,SES     ,2021-04-12
28       ,2020-07-08 ,Brazil  ,SP    ,Aparecida/SP ,3502507 ,0         ,0      ,1        ,36         ,0.00000                     ,99.48874                        ,0.00000              ,SES     ,2021-04-12
28       ,2020-07-09 ,Brazil  ,SP    ,Aparecida/SP ,3502507 ,0         ,0      ,1        ,37         ,0.00000                     ,102.25231                       ,0.00000              ,SES     ,2021-04-12
28       ,2020-07-10 ,Brazil  ,SP    ,Aparecida/SP ,3502507 ,0         ,0      ,7        ,44         ,0.00000                     ,121.59735                       ,0.00000              ,SES     ,2021-04-12
29       ,2020-07-14 ,Brazil  ,SP    ,Aparecida/SP ,3502507 ,0         ,0      ,1        ,45         ,0.00000                     ,124.36092                       ,0.00000              ,SES     ,2021-04-12
29       ,2020-07-15 ,Brazil  ,SP    ,Aparecida/SP ,3502507 ,0         ,0      ,1        ,46         ,0.00000                     ,127.12450                       ,0.00000              ,SES     ,2021-04-12
29       ,2020-07-16 ,Brazil  ,SP    ,Aparecida/SP ,3502507 ,0         ,0      ,1        ,47         ,0.00000                     ,129.88808                       ,0.00000              ,SES     ,2021-04-12
29       ,2020-07-17 ,Brazil  ,SP    ,Aparecida/SP ,3502507 ,0         ,0      ,7        ,54         ,0.00000                     ,149.23311                       ,0.00000              ,SES     ,2021-04-12
30       ,2020-07-21 ,Brazil  ,SP    ,Aparecida/SP ,3502507 ,0         ,0      ,1        ,55         ,0.00000                     ,151.99668                       ,0.00000              ,SES     ,2021-04-12
30       ,2020-07-22 ,Brazil  ,SP    ,Aparecida/SP ,3502507 ,0         ,0      ,16       ,71         ,0.00000                     ,196.21390                       ,0.00000              ,SES     ,2021-04-12
30       ,2020-07-23 ,Brazil  ,SP    ,Aparecida/SP ,3502507 ,0         ,0      ,7        ,78         ,0.00000                     ,215.55893                       ,0.00000              ,SES     ,2021-04-12
30       ,2020-07-24 ,Brazil  ,SP    ,Aparecida/SP ,3502507 ,0         ,0      ,1        ,79         ,0.00000                     ,218.32251                       ,0.00000              ,SES     ,2021-04-12
30       ,2020-07-25 ,Brazil  ,SP    ,Aparecida/SP ,3502507 ,1         ,1      ,12       ,91         ,2.76358                     ,251.48542                       ,0.01099              ,SES     ,2021-04-12
31       ,2020-07-27 ,Brazil  ,SP    ,Aparecida/SP ,3502507 ,0         ,1      ,1        ,92         ,2.76358                     ,254.24900                       ,0.01087              ,SES     ,2021-04-12
31       ,2020-07-28 ,Brazil  ,SP    ,Aparecida/SP ,3502507 ,1         ,2      ,3        ,95         ,5.52715                     ,262.53973                       ,0.02105              ,SES     ,2021-04-12
31       ,2020-07-29 ,Brazil  ,SP    ,Aparecida/SP ,3502507 ,0         ,2      ,16       ,111        ,5.52715                     ,306.75694                       ,0.01802              ,SES     ,2021-04-12
31       ,2020-07-30 ,Brazil  ,SP    ,Aparecida/SP ,3502507 ,0         ,2      ,10       ,121        ,5.52715                     ,334.39270                       ,0.01653              ,SES     ,2021-04-12
31       ,2020-07-31 ,Brazil  ,SP    ,Aparecida/SP ,3502507 ,0         ,2      ,4        ,125        ,5.52715                     ,345.44701                       ,0.01600              ,SES     ,2021-04-12
31       ,2020-08-01 ,Brazil  ,SP    ,Aparecida/SP ,3502507 ,0         ,2      ,3        ,128        ,5.52715                     ,353.73774                       ,0.01562              ,SES     ,2021-04-12
32       ,2020-08-02 ,Brazil  ,SP    ,Aparecida/SP ,3502507 ,0         ,2      ,2        ,130        ,5.52715                     ,359.26489                       ,0.01538              ,SES     ,2021-04-12
32       ,2020-08-04 ,Brazil  ,SP    ,Aparecida/SP ,3502507 ,0         ,2      ,6        ,136        ,5.52715                     ,375.84635                       ,0.01471              ,SES     ,2021-04-12
32       ,2020-08-05 ,Brazil  ,SP    ,Aparecida/SP ,3502507 ,0         ,2      ,2        ,138        ,5.52715                     ,381.37350                       ,0.01449              ,SES     ,2021-04-12
32       ,2020-08-06 ,Brazil  ,SP    ,Aparecida/SP ,3502507 ,0         ,2      ,8        ,146        ,5.52715                     ,403.48211                       ,0.01370              ,SES     ,2021-04-12
32       ,2020-08-07 ,Brazil  ,SP    ,Aparecida/SP ,3502507 ,0         ,2      ,6        ,152        ,5.52715                     ,420.06356                       ,0.01316              ,SES     ,2021-04-12
32       ,2020-08-08 ,Brazil  ,SP    ,Aparecida/SP ,3502507 ,0         ,2      ,6        ,158        ,5.52715                     ,436.64502                       ,0.01266              ,SES     ,2021-04-12
33       ,2020-08-09 ,Brazil  ,SP    ,Aparecida/SP ,3502507 ,0         ,2      ,1        ,159        ,5.52715                     ,439.40859                       ,0.01258              ,SES     ,2021-04-12
33       ,2020-08-10 ,Brazil  ,SP    ,Aparecida/SP ,3502507 ,0         ,2      ,1        ,160        ,5.52715                     ,442.17217                       ,0.01250              ,SES     ,2021-04-12
33       ,2020-08-11 ,Brazil  ,SP    ,Aparecida/SP ,3502507 ,0         ,2      ,4        ,164        ,5.52715                     ,453.22648                       ,0.01220              ,SES     ,2021-04-12
33       ,2020-08-12 ,Brazil  ,SP    ,Aparecida/SP ,3502507 ,0         ,2      ,1        ,165        ,5.52715                     ,455.99005                       ,0.01212              ,SES     ,2021-04-12
33       ,2020-08-13 ,Brazil  ,SP    ,Aparecida/SP ,3502507 ,0         ,2      ,4        ,169        ,5.52715                     ,467.04436                       ,0.01183              ,SES     ,2021-04-12
33       ,2020-08-14 ,Brazil  ,SP    ,Aparecida/SP ,3502507 ,0         ,2      ,5        ,174        ,5.52715                     ,480.86224                       ,0.01149              ,SES     ,2021-04-12
33       ,2020-08-15 ,Brazil  ,SP    ,Aparecida/SP ,3502507 ,0         ,2      ,10       ,184        ,5.52715                     ,508.49800                       ,0.01087              ,SES     ,2021-04-12
34       ,2020-08-16 ,Brazil  ,SP    ,Aparecida/SP ,3502507 ,0         ,2      ,2        ,186        ,5.52715                     ,514.02515                       ,0.01075              ,SES     ,2021-04-12
34       ,2020-08-17 ,Brazil  ,SP    ,Aparecida/SP ,3502507 ,0         ,2      ,1        ,187        ,5.52715                     ,516.78872                       ,0.01070              ,SES     ,2021-04-12
34       ,2020-08-18 ,Brazil  ,SP    ,Aparecida/SP ,3502507 ,0         ,2      ,7        ,194        ,5.52715                     ,536.13376                       ,0.01031              ,SES     ,2021-04-12
34       ,2020-08-19 ,Brazil  ,SP    ,Aparecida/SP ,3502507 ,0         ,2      ,3        ,197        ,5.52715                     ,544.42449                       ,0.01015              ,SES     ,2021-04-12
34       ,2020-08-20 ,Brazil  ,SP    ,Aparecida/SP ,3502507 ,0         ,2      ,4        ,201        ,5.52715                     ,555.47879                       ,0.00995              ,SES     ,2021-04-12
34       ,2020-08-21 ,Brazil  ,SP    ,Aparecida/SP ,3502507 ,0         ,2      ,2        ,203        ,5.52715                     ,561.00594                       ,0.00985              ,SES     ,2021-04-12
34       ,2020-08-22 ,Brazil  ,SP    ,Aparecida/SP ,3502507 ,0         ,2      ,9        ,212        ,5.52715                     ,585.87813                       ,0.00943              ,SES     ,2021-04-12
35       ,2020-08-24 ,Brazil  ,SP    ,Aparecida/SP ,3502507 ,0         ,2      ,6        ,218        ,5.52715                     ,602.45958                       ,0.00917              ,SES     ,2021-04-12
35       ,2020-08-25 ,Brazil  ,SP    ,Aparecida/SP ,3502507 ,0         ,2      ,15       ,233        ,5.52715                     ,643.91322                       ,0.00858              ,SES     ,2021-04-12
35       ,2020-08-26 ,Brazil  ,SP    ,Aparecida/SP ,3502507 ,0         ,2      ,4        ,237        ,5.52715                     ,654.96753                       ,0.00844              ,SES     ,2021-04-12
35       ,2020-08-27 ,Brazil  ,SP    ,Aparecida/SP ,3502507 ,0         ,2      ,3        ,240        ,5.52715                     ,663.25826                       ,0.00833              ,SES     ,2021-04-12
35       ,2020-08-28 ,Brazil  ,SP    ,Aparecida/SP ,3502507 ,0         ,2      ,18       ,258        ,5.52715                     ,713.00263                       ,0.00775              ,SES     ,2021-04-12
36       ,2020-08-30 ,Brazil  ,SP    ,Aparecida/SP ,3502507 ,7         ,9      ,8        ,266        ,24.87218                    ,735.11123                       ,0.03383              ,SES     ,2021-04-12
36       ,2020-09-01 ,Brazil  ,SP    ,Aparecida/SP ,3502507 ,1         ,10     ,4        ,270        ,27.63576                    ,746.16554                       ,0.03704              ,SES     ,2021-04-12
36       ,2020-09-02 ,Brazil  ,SP    ,Aparecida/SP ,3502507 ,0         ,10     ,11       ,281        ,27.63576                    ,776.56487                       ,0.03559              ,SES     ,2021-04-12
36       ,2020-09-03 ,Brazil  ,SP    ,Aparecida/SP ,3502507 ,0         ,10     ,6        ,287        ,27.63576                    ,793.14633                       ,0.03484              ,SES     ,2021-04-12
36       ,2020-09-04 ,Brazil  ,SP    ,Aparecida/SP ,3502507 ,0         ,10     ,16       ,303        ,27.63576                    ,837.36355                       ,0.03300              ,SES     ,2021-04-12
36       ,2020-09-05 ,Brazil  ,SP    ,Aparecida/SP ,3502507 ,0         ,10     ,5        ,308        ,27.63576                    ,851.18143                       ,0.03247              ,SES     ,2021-04-12
37       ,2020-09-06 ,Brazil  ,SP    ,Aparecida/SP ,3502507 ,0         ,10     ,4        ,312        ,27.63576                    ,862.23573                       ,0.03205              ,SES     ,2021-04-12
37       ,2020-09-08 ,Brazil  ,SP    ,Aparecida/SP ,3502507 ,0         ,10     ,1        ,313        ,27.63576                    ,864.99931                       ,0.03195              ,SES     ,2021-04-12
37       ,2020-09-09 ,Brazil  ,SP    ,Aparecida/SP ,3502507 ,0         ,10     ,9        ,322        ,27.63576                    ,889.87149                       ,0.03106              ,SES     ,2021-04-12
37       ,2020-09-10 ,Brazil  ,SP    ,Aparecida/SP ,3502507 ,0         ,10     ,4        ,326        ,27.63576                    ,900.92580                       ,0.03067              ,SES     ,2021-04-12
37       ,2020-09-11 ,Brazil  ,SP    ,Aparecida/SP ,3502507 ,0         ,10     ,8        ,334        ,27.63576                    ,923.03441                       ,0.02994              ,SES     ,2021-04-12
37       ,2020-09-12 ,Brazil  ,SP    ,Aparecida/SP ,3502507 ,0         ,10     ,3        ,337        ,27.63576                    ,931.32513                       ,0.02967              ,SES     ,2021-04-12
38       ,2020-09-13 ,Brazil  ,SP    ,Aparecida/SP ,3502507 ,0         ,10     ,2        ,339        ,27.63576                    ,936.85229                       ,0.02950              ,SES     ,2021-04-12
38       ,2020-09-15 ,Brazil  ,SP    ,Aparecida/SP ,3502507 ,0         ,10     ,2        ,341        ,27.63576                    ,942.37944                       ,0.02933              ,SES     ,2021-04-12
38       ,2020-09-16 ,Brazil  ,SP    ,Aparecida/SP ,3502507 ,0         ,10     ,1        ,342        ,27.63576                    ,945.14302                       ,0.02924              ,SES     ,2021-04-12
38       ,2020-09-17 ,Brazil  ,SP    ,Aparecida/SP ,3502507 ,0         ,10     ,7        ,349        ,27.63576                    ,964.48805                       ,0.02865              ,SES     ,2021-04-12
38       ,2020-09-18 ,Brazil  ,SP    ,Aparecida/SP ,3502507 ,0         ,10     ,5        ,354        ,27.63576                    ,978.30593                       ,0.02825              ,SES     ,2021-04-12
38       ,2020-09-19 ,Brazil  ,SP    ,Aparecida/SP ,3502507 ,0         ,10     ,2        ,356        ,27.63576                    ,983.83308                       ,0.02809              ,SES     ,2021-04-12
39       ,2020-09-21 ,Brazil  ,SP    ,Aparecida/SP ,3502507 ,0         ,10     ,1        ,357        ,27.63576                    ,986.59666                       ,0.02801              ,SES     ,2021-04-12
39       ,2020-09-22 ,Brazil  ,SP    ,Aparecida/SP ,3502507 ,0         ,10     ,3        ,360        ,27.63576                    ,994.88738                       ,0.02778              ,SES     ,2021-04-12
39       ,2020-09-23 ,Brazil  ,SP    ,Aparecida/SP ,3502507 ,0         ,10     ,4        ,364        ,27.63576                    ,1005.94169                      ,0.02747              ,SES     ,2021-04-12
39       ,2020-09-24 ,Brazil  ,SP    ,Aparecida/SP ,3502507 ,0         ,10     ,3        ,367        ,27.63576                    ,1014.23242                      ,0.02725              ,SES     ,2021-04-12
39       ,2020-09-25 ,Brazil  ,SP    ,Aparecida/SP ,3502507 ,0         ,10     ,1        ,368        ,27.63576                    ,1016.99599                      ,0.02717              ,SES     ,2021-04-12
39       ,2020-09-26 ,Brazil  ,SP    ,Aparecida/SP ,3502507 ,0         ,10     ,1        ,369        ,27.63576                    ,1019.75957                      ,0.02710              ,SES     ,2021-04-12
40       ,2020-09-30 ,Brazil  ,SP    ,Aparecida/SP ,3502507 ,0         ,10     ,1        ,370        ,27.63576                    ,1022.52314                      ,0.02703              ,SES     ,2021-04-12
40       ,2020-10-01 ,Brazil  ,SP    ,Aparecida/SP ,3502507 ,0         ,10     ,1        ,371        ,27.63576                    ,1025.28672                      ,0.02695              ,SES     ,2021-04-12
40       ,2020-10-02 ,Brazil  ,SP    ,Aparecida/SP ,3502507 ,0         ,10     ,3        ,374        ,27.63576                    ,1033.57745                      ,0.02674              ,SES     ,2021-04-12
40       ,2020-10-03 ,Brazil  ,SP    ,Aparecida/SP ,3502507 ,0         ,10     ,4        ,378        ,27.63576                    ,1044.63175                      ,0.02646              ,SES     ,2021-04-12
41       ,2020-10-06 ,Brazil  ,SP    ,Aparecida/SP ,3502507 ,1         ,11     ,30       ,408        ,30.39934                    ,1127.53904                      ,0.02696              ,SES     ,2021-04-12
41       ,2020-10-08 ,Brazil  ,SP    ,Aparecida/SP ,3502507 ,0         ,11     ,6        ,414        ,30.39934                    ,1144.12049                      ,0.02657              ,SES     ,2021-04-12
41       ,2020-10-09 ,Brazil  ,SP    ,Aparecida/SP ,3502507 ,0         ,11     ,15       ,429        ,30.39934                    ,1185.57413                      ,0.02564              ,SES     ,2021-04-12
41       ,2020-10-10 ,Brazil  ,SP    ,Aparecida/SP ,3502507 ,0         ,11     ,4        ,433        ,30.39934                    ,1196.62844                      ,0.02540              ,SES     ,2021-04-12
42       ,2020-10-14 ,Brazil  ,SP    ,Aparecida/SP ,3502507 ,0         ,11     ,5        ,438        ,30.39934                    ,1210.44632                      ,0.02511              ,SES     ,2021-04-12
42       ,2020-10-15 ,Brazil  ,SP    ,Aparecida/SP ,3502507 ,0         ,11     ,12       ,450        ,30.39934                    ,1243.60923                      ,0.02444              ,SES     ,2021-04-12
42       ,2020-10-17 ,Brazil  ,SP    ,Aparecida/SP ,3502507 ,0         ,11     ,4        ,454        ,30.39934                    ,1254.66353                      ,0.02423              ,SES     ,2021-04-12
43       ,2020-10-18 ,Brazil  ,SP    ,Aparecida/SP ,3502507 ,0         ,11     ,2        ,456        ,30.39934                    ,1260.19069                      ,0.02412              ,SES     ,2021-04-12
43       ,2020-10-20 ,Brazil  ,SP    ,Aparecida/SP ,3502507 ,0         ,11     ,2        ,458        ,30.39934                    ,1265.71784                      ,0.02402              ,SES     ,2021-04-12
43       ,2020-10-21 ,Brazil  ,SP    ,Aparecida/SP ,3502507 ,0         ,11     ,1        ,459        ,30.39934                    ,1268.48141                      ,0.02397              ,SES     ,2021-04-12
43       ,2020-10-22 ,Brazil  ,SP    ,Aparecida/SP ,3502507 ,0         ,11     ,10       ,469        ,30.39934                    ,1296.11718                      ,0.02345              ,SES     ,2021-04-12
43       ,2020-10-23 ,Brazil  ,SP    ,Aparecida/SP ,3502507 ,0         ,11     ,4        ,473        ,30.39934                    ,1307.17148                      ,0.02326              ,SES     ,2021-04-12
44       ,2020-10-27 ,Brazil  ,SP    ,Aparecida/SP ,3502507 ,0         ,11     ,4        ,477        ,30.39934                    ,1318.22578                      ,0.02306              ,SES     ,2021-04-12
44       ,2020-10-28 ,Brazil  ,SP    ,Aparecida/SP ,3502507 ,0         ,11     ,4        ,481        ,30.39934                    ,1329.28009                      ,0.02287              ,SES     ,2021-04-12
44       ,2020-10-29 ,Brazil  ,SP    ,Aparecida/SP ,3502507 ,0         ,11     ,8        ,489        ,30.39934                    ,1351.38870                      ,0.02249              ,SES     ,2021-04-12
44       ,2020-10-30 ,Brazil  ,SP    ,Aparecida/SP ,3502507 ,0         ,11     ,6        ,495        ,30.39934                    ,1367.97015                      ,0.02222              ,SES     ,2021-04-12
45       ,2020-11-04 ,Brazil  ,SP    ,Aparecida/SP ,3502507 ,0         ,11     ,20       ,515        ,30.39934                    ,1423.24167                      ,0.02136              ,SES     ,2021-04-12
45       ,2020-11-05 ,Brazil  ,SP    ,Aparecida/SP ,3502507 ,1         ,12     ,3        ,518        ,33.16291                    ,1431.53240                      ,0.02317              ,SES     ,2021-04-12
46       ,2020-11-10 ,Brazil  ,SP    ,Aparecida/SP ,3502507 ,0         ,12     ,34       ,552        ,33.16291                    ,1525.49399                      ,0.02174              ,SES     ,2021-04-12
46       ,2020-11-11 ,Brazil  ,SP    ,Aparecida/SP ,3502507 ,1         ,13     ,1        ,553        ,35.92649                    ,1528.25757                      ,0.02351              ,SES     ,2021-04-12
46       ,2020-11-12 ,Brazil  ,SP    ,Aparecida/SP ,3502507 ,2         ,15     ,5        ,558        ,41.45364                    ,1542.07545                      ,0.02688              ,SES     ,2021-04-12
46       ,2020-11-13 ,Brazil  ,SP    ,Aparecida/SP ,3502507 ,0         ,15     ,4        ,562        ,41.45364                    ,1553.12975                      ,0.02669              ,SES     ,2021-04-12
46       ,2020-11-14 ,Brazil  ,SP    ,Aparecida/SP ,3502507 ,1         ,16     ,3        ,565        ,44.21722                    ,1561.42048                      ,0.02832              ,SES     ,2021-04-12
47       ,2020-11-15 ,Brazil  ,SP    ,Aparecida/SP ,3502507 ,0         ,16     ,1        ,566        ,44.21722                    ,1564.18405                      ,0.02827              ,SES     ,2021-04-12
47       ,2020-11-16 ,Brazil  ,SP    ,Aparecida/SP ,3502507 ,0         ,16     ,1        ,567        ,44.21722                    ,1566.94763                      ,0.02822              ,SES     ,2021-04-12
47       ,2020-11-17 ,Brazil  ,SP    ,Aparecida/SP ,3502507 ,2         ,18     ,12       ,579        ,49.74437                    ,1600.11054                      ,0.03109              ,SES     ,2021-04-12
47       ,2020-11-18 ,Brazil  ,SP    ,Aparecida/SP ,3502507 ,0         ,18     ,12       ,591        ,49.74437                    ,1633.27346                      ,0.03046              ,SES     ,2021-04-12
47       ,2020-11-19 ,Brazil  ,SP    ,Aparecida/SP ,3502507 ,0         ,18     ,3        ,594        ,49.74437                    ,1641.56418                      ,0.03030              ,SES     ,2021-04-12
47       ,2020-11-21 ,Brazil  ,SP    ,Aparecida/SP ,3502507 ,0         ,18     ,2        ,596        ,49.74437                    ,1647.09134                      ,0.03020              ,SES     ,2021-04-12
48       ,2020-11-22 ,Brazil  ,SP    ,Aparecida/SP ,3502507 ,0         ,18     ,2        ,598        ,49.74437                    ,1652.61849                      ,0.03010              ,SES     ,2021-04-12
48       ,2020-11-24 ,Brazil  ,SP    ,Aparecida/SP ,3502507 ,0         ,18     ,3        ,601        ,49.74437                    ,1660.90922                      ,0.02995              ,SES     ,2021-04-12
48       ,2020-11-25 ,Brazil  ,SP    ,Aparecida/SP ,3502507 ,0         ,18     ,3        ,604        ,49.74437                    ,1669.19994                      ,0.02980              ,SES     ,2021-04-12
48       ,2020-11-27 ,Brazil  ,SP    ,Aparecida/SP ,3502507 ,0         ,18     ,3        ,607        ,49.74437                    ,1677.49067                      ,0.02965              ,SES     ,2021-04-12
48       ,2020-11-28 ,Brazil  ,SP    ,Aparecida/SP ,3502507 ,1         ,19     ,2        ,609        ,52.50795                    ,1683.01783                      ,0.03120              ,SES     ,2021-04-12
49       ,2020-11-29 ,Brazil  ,SP    ,Aparecida/SP ,3502507 ,0         ,19     ,1        ,610        ,52.50795                    ,1685.78140                      ,0.03115              ,SES     ,2021-04-12
49       ,2020-11-30 ,Brazil  ,SP    ,Aparecida/SP ,3502507 ,0         ,19     ,1        ,611        ,52.50795                    ,1688.54498                      ,0.03110              ,SES     ,2021-04-12
49       ,2020-12-01 ,Brazil  ,SP    ,Aparecida/SP ,3502507 ,0         ,19     ,12       ,623        ,52.50795                    ,1721.70789                      ,0.03050              ,SES     ,2021-04-12
49       ,2020-12-02 ,Brazil  ,SP    ,Aparecida/SP ,3502507 ,0         ,19     ,3        ,626        ,52.50795                    ,1729.99862                      ,0.03035              ,SES     ,2021-04-12
49       ,2020-12-03 ,Brazil  ,SP    ,Aparecida/SP ,3502507 ,0         ,19     ,1        ,627        ,52.50795                    ,1732.76219                      ,0.03030              ,SES     ,2021-04-12
49       ,2020-12-04 ,Brazil  ,SP    ,Aparecida/SP ,3502507 ,0         ,19     ,9        ,636        ,52.50795                    ,1757.63438                      ,0.02987              ,SES     ,2021-04-12
49       ,2020-12-05 ,Brazil  ,SP    ,Aparecida/SP ,3502507 ,0         ,19     ,1        ,637        ,52.50795                    ,1760.39795                      ,0.02983              ,SES     ,2021-04-12
50       ,2020-12-06 ,Brazil  ,SP    ,Aparecida/SP ,3502507 ,0         ,19     ,1        ,638        ,52.50795                    ,1763.16153                      ,0.02978              ,SES     ,2021-04-12
50       ,2020-12-08 ,Brazil  ,SP    ,Aparecida/SP ,3502507 ,0         ,19     ,2        ,640        ,52.50795                    ,1768.68868                      ,0.02969              ,SES     ,2021-04-12
50       ,2020-12-09 ,Brazil  ,SP    ,Aparecida/SP ,3502507 ,0         ,19     ,2        ,642        ,52.50795                    ,1774.21584                      ,0.02960              ,SES     ,2021-04-12
50       ,2020-12-10 ,Brazil  ,SP    ,Aparecida/SP ,3502507 ,0         ,19     ,4        ,646        ,52.50795                    ,1785.27014                      ,0.02941              ,SES     ,2021-04-12
50       ,2020-12-11 ,Brazil  ,SP    ,Aparecida/SP ,3502507 ,0         ,19     ,9        ,655        ,52.50795                    ,1810.14232                      ,0.02901              ,SES     ,2021-04-12
50       ,2020-12-12 ,Brazil  ,SP    ,Aparecida/SP ,3502507 ,0         ,19     ,6        ,661        ,52.50795                    ,1826.72378                      ,0.02874              ,SES     ,2021-04-12
51       ,2020-12-15 ,Brazil  ,SP    ,Aparecida/SP ,3502507 ,0         ,19     ,4        ,665        ,52.50795                    ,1837.77808                      ,0.02857              ,SES     ,2021-04-12
51       ,2020-12-17 ,Brazil  ,SP    ,Aparecida/SP ,3502507 ,0         ,19     ,7        ,672        ,52.50795                    ,1857.12312                      ,0.02827              ,SES     ,2021-04-12
51       ,2020-12-18 ,Brazil  ,SP    ,Aparecida/SP ,3502507 ,0         ,19     ,2        ,674        ,52.50795                    ,1862.65027                      ,0.02819              ,SES     ,2021-04-12
52       ,2020-12-22 ,Brazil  ,SP    ,Aparecida/SP ,3502507 ,0         ,19     ,6        ,680        ,52.50795                    ,1879.23173                      ,0.02794              ,SES     ,2021-04-12
52       ,2020-12-23 ,Brazil  ,SP    ,Aparecida/SP ,3502507 ,1         ,20     ,8        ,688        ,55.27152                    ,1901.34033                      ,0.02907              ,SES     ,2021-04-12
52       ,2020-12-24 ,Brazil  ,SP    ,Aparecida/SP ,3502507 ,0         ,20     ,3        ,691        ,55.27152                    ,1909.63106                      ,0.02894              ,SES     ,2021-04-12
52       ,2020-12-25 ,Brazil  ,SP    ,Aparecida/SP ,3502507 ,0         ,20     ,3        ,694        ,55.27152                    ,1917.92179                      ,0.02882              ,SES     ,2021-04-12
53       ,2020-12-29 ,Brazil  ,SP    ,Aparecida/SP ,3502507 ,0         ,20     ,5        ,699        ,55.27152                    ,1931.73967                      ,0.02861              ,SES     ,2021-04-12
53       ,2020-12-31 ,Brazil  ,SP    ,Aparecida/SP ,3502507 ,0         ,20     ,14       ,713        ,55.27152                    ,1970.42974                      ,0.02805              ,SES     ,2021-04-12
101      ,2021-01-03 ,Brazil  ,SP    ,Aparecida/SP ,3502507 ,0         ,20     ,2        ,715        ,55.27152                    ,1975.95689                      ,0.02797              ,SES     ,2021-04-12
101      ,2021-01-05 ,Brazil  ,SP    ,Aparecida/SP ,3502507 ,2         ,22     ,16       ,731        ,60.79867                    ,2020.17411                      ,0.03010              ,SES     ,2021-04-12
101      ,2021-01-06 ,Brazil  ,SP    ,Aparecida/SP ,3502507 ,0         ,22     ,32       ,763        ,60.79867                    ,2108.60854                      ,0.02883              ,SES     ,2021-04-12
101      ,2021-01-07 ,Brazil  ,SP    ,Aparecida/SP ,3502507 ,0         ,22     ,19       ,782        ,60.79867                    ,2161.11648                      ,0.02813              ,SES     ,2021-04-12
101      ,2021-01-08 ,Brazil  ,SP    ,Aparecida/SP ,3502507 ,0         ,22     ,26       ,808        ,60.79867                    ,2232.96946                      ,0.02723              ,SES     ,2021-04-12
101      ,2021-01-09 ,Brazil  ,SP    ,Aparecida/SP ,3502507 ,0         ,22     ,3        ,811        ,60.79867                    ,2241.26019                      ,0.02713              ,SES     ,2021-04-12
102      ,2021-01-10 ,Brazil  ,SP    ,Aparecida/SP ,3502507 ,0         ,22     ,1        ,812        ,60.79867                    ,2244.02377                      ,0.02709              ,SES     ,2021-04-12
102      ,2021-01-11 ,Brazil  ,SP    ,Aparecida/SP ,3502507 ,0         ,22     ,6        ,818        ,60.79867                    ,2260.60522                      ,0.02689              ,SES     ,2021-04-12
102      ,2021-01-12 ,Brazil  ,SP    ,Aparecida/SP ,3502507 ,0         ,22     ,5        ,823        ,60.79867                    ,2274.42310                      ,0.02673              ,SES     ,2021-04-12
102      ,2021-01-13 ,Brazil  ,SP    ,Aparecida/SP ,3502507 ,0         ,22     ,15       ,838        ,60.79867                    ,2315.87674                      ,0.02625              ,SES     ,2021-04-12
102      ,2021-01-14 ,Brazil  ,SP    ,Aparecida/SP ,3502507 ,1         ,23     ,5        ,843        ,63.56225                    ,2329.69462                      ,0.02728              ,SES     ,2021-04-12
102      ,2021-01-15 ,Brazil  ,SP    ,Aparecida/SP ,3502507 ,0         ,23     ,30       ,873        ,63.56225                    ,2412.60191                      ,0.02635              ,SES     ,2021-04-12
102      ,2021-01-16 ,Brazil  ,SP    ,Aparecida/SP ,3502507 ,0         ,23     ,11       ,884        ,63.56225                    ,2443.00124                      ,0.02602              ,SES     ,2021-04-12
103      ,2021-01-17 ,Brazil  ,SP    ,Aparecida/SP ,3502507 ,0         ,23     ,1        ,885        ,63.56225                    ,2445.76482                      ,0.02599              ,SES     ,2021-04-12
103      ,2021-01-19 ,Brazil  ,SP    ,Aparecida/SP ,3502507 ,0         ,23     ,8        ,893        ,63.56225                    ,2467.87343                      ,0.02576              ,SES     ,2021-04-12
103      ,2021-01-20 ,Brazil  ,SP    ,Aparecida/SP ,3502507 ,1         ,24     ,5        ,898        ,66.32583                    ,2481.69131                      ,0.02673              ,SES     ,2021-04-12
103      ,2021-01-21 ,Brazil  ,SP    ,Aparecida/SP ,3502507 ,0         ,24     ,5        ,903        ,66.32583                    ,2495.50919                      ,0.02658              ,SES     ,2021-04-12
103      ,2021-01-22 ,Brazil  ,SP    ,Aparecida/SP ,3502507 ,0         ,24     ,3        ,906        ,66.32583                    ,2503.79992                      ,0.02649              ,SES     ,2021-04-12
103      ,2021-01-23 ,Brazil  ,SP    ,Aparecida/SP ,3502507 ,0         ,24     ,6        ,912        ,66.32583                    ,2520.38137                      ,0.02632              ,SES     ,2021-04-12
104      ,2021-01-24 ,Brazil  ,SP    ,Aparecida/SP ,3502507 ,0         ,24     ,1        ,913        ,66.32583                    ,2523.14495                      ,0.02629              ,SES     ,2021-04-12
104      ,2021-01-25 ,Brazil  ,SP    ,Aparecida/SP ,3502507 ,0         ,24     ,5        ,918        ,66.32583                    ,2536.96283                      ,0.02614              ,SES     ,2021-04-12
104      ,2021-01-26 ,Brazil  ,SP    ,Aparecida/SP ,3502507 ,0         ,24     ,46       ,964        ,66.32583                    ,2664.08733                      ,0.02490              ,SES     ,2021-04-12
104      ,2021-01-27 ,Brazil  ,SP    ,Aparecida/SP ,3502507 ,0         ,24     ,44       ,1008       ,66.32583                    ,2785.68468                      ,0.02381              ,SES     ,2021-04-12
104      ,2021-01-28 ,Brazil  ,SP    ,Aparecida/SP ,3502507 ,0         ,24     ,41       ,1049       ,66.32583                    ,2898.99129                      ,0.02288              ,SES     ,2021-04-12
104      ,2021-01-29 ,Brazil  ,SP    ,Aparecida/SP ,3502507 ,0         ,24     ,7        ,1056       ,66.32583                    ,2918.33633                      ,0.02273              ,SES     ,2021-04-12
105      ,2021-02-01 ,Brazil  ,SP    ,Aparecida/SP ,3502507 ,0         ,24     ,5        ,1061       ,66.32583                    ,2932.15421                      ,0.02262              ,SES     ,2021-04-12
105      ,2021-02-02 ,Brazil  ,SP    ,Aparecida/SP ,3502507 ,1         ,25     ,3        ,1064       ,69.08940                    ,2940.44494                      ,0.02350              ,SES     ,2021-04-12
105      ,2021-02-03 ,Brazil  ,SP    ,Aparecida/SP ,3502507 ,1         ,26     ,32       ,1096       ,71.85298                    ,3028.87937                      ,0.02372              ,SES     ,2021-04-12
105      ,2021-02-04 ,Brazil  ,SP    ,Aparecida/SP ,3502507 ,0         ,26     ,8        ,1104       ,71.85298                    ,3050.98798                      ,0.02355              ,SES     ,2021-04-12
105      ,2021-02-05 ,Brazil  ,SP    ,Aparecida/SP ,3502507 ,1         ,27     ,10       ,1114       ,74.61655                    ,3078.62374                      ,0.02424              ,SES     ,2021-04-12
105      ,2021-02-06 ,Brazil  ,SP    ,Aparecida/SP ,3502507 ,0         ,27     ,7        ,1121       ,74.61655                    ,3097.96877                      ,0.02409              ,SES     ,2021-04-12
106      ,2021-02-07 ,Brazil  ,SP    ,Aparecida/SP ,3502507 ,0         ,27     ,4        ,1125       ,74.61655                    ,3109.02308                      ,0.02400              ,SES     ,2021-04-12
106      ,2021-02-08 ,Brazil  ,SP    ,Aparecida/SP ,3502507 ,0         ,27     ,1        ,1126       ,74.61655                    ,3111.78665                      ,0.02398              ,SES     ,2021-04-12
106      ,2021-02-09 ,Brazil  ,SP    ,Aparecida/SP ,3502507 ,0         ,27     ,3        ,1129       ,74.61655                    ,3120.07738                      ,0.02391              ,SES     ,2021-04-12
106      ,2021-02-10 ,Brazil  ,SP    ,Aparecida/SP ,3502507 ,1         ,28     ,6        ,1135       ,77.38013                    ,3136.65884                      ,0.02467              ,SES     ,2021-04-12
106      ,2021-02-11 ,Brazil  ,SP    ,Aparecida/SP ,3502507 ,0         ,28     ,7        ,1142       ,77.38013                    ,3156.00387                      ,0.02452              ,SES     ,2021-04-12
106      ,2021-02-12 ,Brazil  ,SP    ,Aparecida/SP ,3502507 ,1         ,29     ,9        ,1151       ,80.14371                    ,3180.87605                      ,0.02520              ,SES     ,2021-04-12
106      ,2021-02-13 ,Brazil  ,SP    ,Aparecida/SP ,3502507 ,2         ,31     ,8        ,1159       ,85.67086                    ,3202.98466                      ,0.02675              ,SES     ,2021-04-12
107      ,2021-02-16 ,Brazil  ,SP    ,Aparecida/SP ,3502507 ,2         ,33     ,8        ,1167       ,91.19801                    ,3225.09327                      ,0.02828              ,SES     ,2021-04-12
107      ,2021-02-17 ,Brazil  ,SP    ,Aparecida/SP ,3502507 ,0         ,33     ,1        ,1168       ,91.19801                    ,3227.85685                      ,0.02825              ,SES     ,2021-04-12
107      ,2021-02-18 ,Brazil  ,SP    ,Aparecida/SP ,3502507 ,0         ,33     ,2        ,1170       ,91.19801                    ,3233.38400                      ,0.02821              ,SES     ,2021-04-12
107      ,2021-02-19 ,Brazil  ,SP    ,Aparecida/SP ,3502507 ,0         ,33     ,1        ,1171       ,91.19801                    ,3236.14757                      ,0.02818              ,SES     ,2021-04-12
107      ,2021-02-20 ,Brazil  ,SP    ,Aparecida/SP ,3502507 ,0         ,33     ,2        ,1173       ,91.19801                    ,3241.67473                      ,0.02813              ,SES     ,2021-04-12
108      ,2021-02-23 ,Brazil  ,SP    ,Aparecida/SP ,3502507 ,0         ,33     ,3        ,1176       ,91.19801                    ,3249.96546                      ,0.02806              ,SES     ,2021-04-12
108      ,2021-02-24 ,Brazil  ,SP    ,Aparecida/SP ,3502507 ,0         ,33     ,7        ,1183       ,91.19801                    ,3269.31049                      ,0.02790              ,SES     ,2021-04-12
108      ,2021-02-25 ,Brazil  ,SP    ,Aparecida/SP ,3502507 ,0         ,33     ,10       ,1193       ,91.19801                    ,3296.94625                      ,0.02766              ,SES     ,2021-04-12
108      ,2021-02-26 ,Brazil  ,SP    ,Aparecida/SP ,3502507 ,0         ,33     ,45       ,1238       ,91.19801                    ,3421.30717                      ,0.02666              ,SES     ,2021-04-12
108      ,2021-02-27 ,Brazil  ,SP    ,Aparecida/SP ,3502507 ,0         ,33     ,7        ,1245       ,91.19801                    ,3440.65220                      ,0.02651              ,SES     ,2021-04-12
109      ,2021-03-02 ,Brazil  ,SP    ,Aparecida/SP ,3502507 ,1         ,34     ,4        ,1249       ,93.96159                    ,3451.70651                      ,0.02722              ,SES     ,2021-04-12
109      ,2021-03-03 ,Brazil  ,SP    ,Aparecida/SP ,3502507 ,2         ,36     ,30       ,1279       ,99.48874                    ,3534.61379                      ,0.02815              ,SES     ,2021-04-12
109      ,2021-03-04 ,Brazil  ,SP    ,Aparecida/SP ,3502507 ,0         ,36     ,4        ,1283       ,99.48874                    ,3545.66809                      ,0.02806              ,SES     ,2021-04-12
109      ,2021-03-05 ,Brazil  ,SP    ,Aparecida/SP ,3502507 ,-1        ,35     ,38       ,1321       ,96.72516                    ,3650.68399                      ,0.02650              ,SES     ,2021-04-12
109      ,2021-03-06 ,Brazil  ,SP    ,Aparecida/SP ,3502507 ,0         ,35     ,13       ,1334       ,96.72516                    ,3686.61047                      ,0.02624              ,SES     ,2021-04-12
110      ,2021-03-07 ,Brazil  ,SP    ,Aparecida/SP ,3502507 ,0         ,35     ,6        ,1340       ,96.72516                    ,3703.19193                      ,0.02612              ,SES     ,2021-04-12
110      ,2021-03-08 ,Brazil  ,SP    ,Aparecida/SP ,3502507 ,0         ,35     ,1        ,1341       ,96.72516                    ,3705.95551                      ,0.02610              ,SES     ,2021-04-12
110      ,2021-03-09 ,Brazil  ,SP    ,Aparecida/SP ,3502507 ,0         ,35     ,33       ,1374       ,96.72516                    ,3797.15352                      ,0.02547              ,SES     ,2021-04-12
110      ,2021-03-10 ,Brazil  ,SP    ,Aparecida/SP ,3502507 ,2         ,37     ,3        ,1377       ,102.25231                   ,3805.44424                      ,0.02687              ,SES     ,2021-04-12
110      ,2021-03-11 ,Brazil  ,SP    ,Aparecida/SP ,3502507 ,0         ,37     ,30       ,1407       ,102.25231                   ,3888.35153                      ,0.02630              ,SES     ,2021-04-12
110      ,2021-03-12 ,Brazil  ,SP    ,Aparecida/SP ,3502507 ,0         ,37     ,1        ,1408       ,102.25231                   ,3891.11510                      ,0.02628              ,SES     ,2021-04-12
110      ,2021-03-13 ,Brazil  ,SP    ,Aparecida/SP ,3502507 ,0         ,37     ,5        ,1413       ,102.25231                   ,3904.93298                      ,0.02619              ,SES     ,2021-04-12
111      ,2021-03-14 ,Brazil  ,SP    ,Aparecida/SP ,3502507 ,0         ,37     ,5        ,1418       ,102.25231                   ,3918.75086                      ,0.02609              ,SES     ,2021-04-12
111      ,2021-03-15 ,Brazil  ,SP    ,Aparecida/SP ,3502507 ,0         ,37     ,8        ,1426       ,102.25231                   ,3940.85947                      ,0.02595              ,SES     ,2021-04-12
111      ,2021-03-16 ,Brazil  ,SP    ,Aparecida/SP ,3502507 ,1         ,38     ,15       ,1441       ,105.01589                   ,3982.31311                      ,0.02637              ,SES     ,2021-04-12
111      ,2021-03-17 ,Brazil  ,SP    ,Aparecida/SP ,3502507 ,0         ,38     ,1        ,1442       ,105.01589                   ,3985.07669                      ,0.02635              ,SES     ,2021-04-12
111      ,2021-03-18 ,Brazil  ,SP    ,Aparecida/SP ,3502507 ,2         ,40     ,4        ,1446       ,110.54304                   ,3996.13099                      ,0.02766              ,SES     ,2021-04-12
111      ,2021-03-19 ,Brazil  ,SP    ,Aparecida/SP ,3502507 ,0         ,40     ,99       ,1545       ,110.54304                   ,4269.72502                      ,0.02589              ,SES     ,2021-04-12
111      ,2021-03-20 ,Brazil  ,SP    ,Aparecida/SP ,3502507 ,1         ,41     ,49       ,1594       ,113.30662                   ,4405.14025                      ,0.02572              ,SES     ,2021-04-12
112      ,2021-03-21 ,Brazil  ,SP    ,Aparecida/SP ,3502507 ,0         ,41     ,3        ,1597       ,113.30662                   ,4413.43098                      ,0.02567              ,SES     ,2021-04-12
112      ,2021-03-22 ,Brazil  ,SP    ,Aparecida/SP ,3502507 ,0         ,41     ,6        ,1603       ,113.30662                   ,4430.01244                      ,0.02558              ,SES     ,2021-04-12
112      ,2021-03-23 ,Brazil  ,SP    ,Aparecida/SP ,3502507 ,2         ,43     ,19       ,1622       ,118.83377                   ,4482.52038                      ,0.02651              ,SES     ,2021-04-12
112      ,2021-03-24 ,Brazil  ,SP    ,Aparecida/SP ,3502507 ,0         ,43     ,20       ,1642       ,118.83377                   ,4537.79190                      ,0.02619              ,SES     ,2021-04-12
112      ,2021-03-25 ,Brazil  ,SP    ,Aparecida/SP ,3502507 ,1         ,44     ,5        ,1647       ,121.59735                   ,4551.60978                      ,0.02672              ,SES     ,2021-04-12
112      ,2021-03-26 ,Brazil  ,SP    ,Aparecida/SP ,3502507 ,4         ,48     ,149      ,1796       ,132.65165                   ,4963.38262                      ,0.02673              ,SES     ,2021-04-12
112      ,2021-03-27 ,Brazil  ,SP    ,Aparecida/SP ,3502507 ,1         ,49     ,64       ,1860       ,135.41523                   ,5140.25149                      ,0.02634              ,SES     ,2021-04-12
113      ,2021-03-28 ,Brazil  ,SP    ,Aparecida/SP ,3502507 ,0         ,49     ,3        ,1863       ,135.41523                   ,5148.54221                      ,0.02630              ,SES     ,2021-04-12
113      ,2021-03-29 ,Brazil  ,SP    ,Aparecida/SP ,3502507 ,0         ,49     ,6        ,1869       ,135.41523                   ,5165.12367                      ,0.02622              ,SES     ,2021-04-12
113      ,2021-03-30 ,Brazil  ,SP    ,Aparecida/SP ,3502507 ,0         ,49     ,22       ,1891       ,135.41523                   ,5225.92234                      ,0.02591              ,SES     ,2021-04-12
113      ,2021-03-31 ,Brazil  ,SP    ,Aparecida/SP ,3502507 ,1         ,50     ,14       ,1905       ,138.17880                   ,5264.61241                      ,0.02625              ,SES     ,2021-04-12
113      ,2021-04-01 ,Brazil  ,SP    ,Aparecida/SP ,3502507 ,0         ,50     ,2        ,1907       ,138.17880                   ,5270.13956                      ,0.02622              ,SES     ,2021-04-12
113      ,2021-04-02 ,Brazil  ,SP    ,Aparecida/SP ,3502507 ,0         ,50     ,1        ,1908       ,138.17880                   ,5272.90314                      ,0.02621              ,SES     ,2021-04-12
113      ,2021-04-03 ,Brazil  ,SP    ,Aparecida/SP ,3502507 ,0         ,50     ,1        ,1909       ,138.17880                   ,5275.66671                      ,0.02619              ,SES     ,2021-04-12
114      ,2021-04-05 ,Brazil  ,SP    ,Aparecida/SP ,3502507 ,0         ,50     ,3        ,1912       ,138.17880                   ,5283.95744                      ,0.02615              ,SES     ,2021-04-12
114      ,2021-04-06 ,Brazil  ,SP    ,Aparecida/SP ,3502507 ,0         ,50     ,11       ,1923       ,138.17880                   ,5314.35678                      ,0.02600              ,SES     ,2021-04-12
114      ,2021-04-07 ,Brazil  ,SP    ,Aparecida/SP ,3502507 ,8         ,58     ,17       ,1940       ,160.28741                   ,5361.33757                      ,0.02990              ,SES     ,2021-04-12
114      ,2021-04-08 ,Brazil  ,SP    ,Aparecida/SP ,3502507 ,0         ,58     ,12       ,1952       ,160.28741                   ,5394.50048                      ,0.02971              ,SES     ,2021-04-12
114      ,2021-04-09 ,Brazil  ,SP    ,Aparecida/SP ,3502507 ,2         ,60     ,5        ,1957       ,165.81456                   ,5408.31836                      ,0.03066              ,SES     ,2021-04-12
115      ,2021-04-11 ,Brazil  ,SP    ,Aparecida/SP ,3502507 ,0         ,60     ,1        ,1958       ,165.81456                   ,5411.08194                      ,0.03064              ,SES     ,2021-04-12
115      ,2021-04-13 ,Brazil  ,SP    ,Aparecida/SP ,3502507 ,0         ,60     ,3        ,1961       ,165.81456                   ,5419.37267                      ,0.03060              ,MS      ,2021-04-17
115      ,2021-04-15 ,Brazil  ,SP    ,Aparecida/SP ,3502507 ,1         ,61     ,13       ,1974       ,168.57814                   ,5455.29916                      ,0.03090              ,MS      ,2021-04-17
115      ,2021-04-16 ,Brazil  ,SP    ,Aparecida/SP ,3502507 ,0         ,61     ,5        ,1979       ,168.57814                   ,5469.11704                      ,0.03082              ,MS      ,2021-04-17
115      ,2021-04-17 ,Brazil  ,SP    ,Aparecida/SP ,3502507 ,1         ,62     ,11       ,1990       ,171.34172                   ,5499.51637                      ,0.03116              ,MS      ,2021-04-17
